GameID,GameDate,Home Team,Away Team,Prediction,Actual
1021546,"Fri, Dec 27, 2024",Brandon Wheat Kings,Regina Pats,Brandon Wheat Kings,Regina Pats
1021550,"Fri, Dec 27, 2024",Prince Albert Raiders,Swift Current Broncos,Prince Albert Raiders,Prince Albert Raiders
1021552,"Fri, Dec 27, 2024",Saskatoon Blades,Moose Jaw Warriors,Moose Jaw Warriors,Saskatoon Blades
1021551,"Fri, Dec 27, 2024",Red Deer Rebels,Edmonton Oil Kings,Edmonton Oil Kings,Edmonton Oil Kings
1021547,"Fri, Dec 27, 2024",Kamloops Blazers,Vancouver Giants,Kamloops Blazers,Vancouver Giants
1021549,"Fri, Dec 27, 2024",Portland Winterhawks,Tri-City Americans,Portland Winterhawks,Portland Winterhawks
1021553,"Fri, Dec 27, 2024",Seattle Thunderbirds,Everett Silvertips,Everett Silvertips,Everett Silvertips
1021554,"Fri, Dec 27, 2024",Spokane Chiefs,Wenatchee Wild,Spokane Chiefs,Spokane Chiefs
1021560,"Sat, Dec 28, 2024",Regina Pats,Saskatoon Blades,Saskatoon Blades,Saskatoon Blades
1021559,"Sat, Dec 28, 2024",Moose Jaw Warriors,Brandon Wheat Kings,Brandon Wheat Kings,Brandon Wheat Kings
1021561,"Sat, Dec 28, 2024",Swift Current Broncos,Prince Albert Raiders,Prince Albert Raiders,Prince Albert Raiders
1021564,"Sat, Dec 28, 2024",Wenatchee Wild,Spokane Chiefs,Spokane Chiefs,Wenatchee Wild
1021558,"Sat, Dec 28, 2024",Medicine Hat Tigers,Lethbridge Hurricanes,Lethbridge Hurricanes,Medicine Hat Tigers
1021557,"Sat, Dec 28, 2024",Kelowna Rockets,Kamloops Blazers,Kelowna Rockets,Kamloops Blazers
1021562,"Sat, Dec 28, 2024",Tri-City Americans,Portland Winterhawks,Portland Winterhawks,Portland Winterhawks
1021556,"Sat, Dec 28, 2024",Everett Silvertips,Seattle Thunderbirds,Everett Silvertips,Everett Silvertips
1021563,"Sat, Dec 28, 2024",Victoria Royals,Prince Geroge Cougars,Prince Geroge Cougars,Prince Geroge Cougars
1021565,"Sun, Dec 29, 2024",Calgary Hitmen,Medicine Hat Tigers,Calgary Hitmen,Calgary Hitmen
1021566,"Sun, Dec 29, 2024",Edmonton Oil Kings,Red Deer Rebels,Edmonton Oil Kings,Edmonton Oil Kings
1021567,"Sun, Dec 29, 2024",Vancouver Giants,Kelowna Rockets,Vancouver Giants,Vancouver Giants
1021571,"Mon, Dec 30, 2024",Swift Current Broncos,Brandon Wheat Kings,Brandon Wheat Kings,Brandon Wheat Kings
1021569,"Mon, Dec 30, 2024",Prince Albert Raiders,Saskatoon Blades,Prince Albert Raiders,Saskatoon Blades
1021568,"Mon, Dec 30, 2024",Medicine Hat Tigers,Calgary Hitmen,Calgary Hitmen,Medicine Hat Tigers
1021570,"Mon, Dec 30, 2024",Red Deer Rebels,Lethbridge Hurricanes,Lethbridge Hurricanes,Lethbridge Hurricanes
1021576,"Tue, Dec 31, 2024",Victoria Royals,Vancouver Giants,Victoria Royals,Vancouver Giants
1021572,"Tue, Dec 31, 2024",Moose Jaw Warriors,Regina Pats,Regina Pats,Moose Jaw Warriors
1021573,"Tue, Dec 31, 2024",Portland Winterhawks,Everett Silvertips,Everett Silvertips,Everett Silvertips
1021577,"Tue, Dec 31, 2024",Wenatchee Wild,Kelowna Rockets,Wenatchee Wild,Wenatchee Wild
1021574,"Tue, Dec 31, 2024",Seattle Thunderbirds,Prince George Cougars,Seattle Thunderbirds,Prince George Cougars
1021575,"Tue, Dec 31, 2024",Tri-City Americans,Spokane Chiefs,Tri-City Americans,Spokane Chiefs
1021578,"Wed, Jan 1, 2025",Brandon Wheat Kings,Swift Current Broncos,Swift Current Broncos,Swift Current Broncos
1021579,"Wed, Jan 1, 2025",Edmonton Oil Kings,Calgary Hitmen,Edmonton Oil Kings,Calgary Hitmen
1021580,"Wed, Jan 1, 2025",Regina Pats,Moose Jaw Warriors,Moose Jaw Warriors,Moose Jaw Warriors
1021581,"Wed, Jan 1, 2025",Saskatoon Blades,Prince Albert Raiders,Saskatoon Blades,Prince Albert Raiders
1021582,"Wed, Jan 1, 2025",Vancouver Giants,Victoria Royals,Victoria Royals,Victoria Royals
1021583,"Thu, Jan 2, 2025",Portland Winterhawks,Spokane Chiefs,Portland Winterhawks,Portland Winterhawks
1021586,"Fri, Jan 3, 2025",Moose Jaw Warriors,Prince Albert Raiders,Prince Albert Raiders,Prince Albert Raiders
1021589,"Fri, Jan 3, 2025",Saskatoon Blades,Brandon Wheat Kings,Saskatoon Blades,Brandon Wheat Kings
1021590,"Fri, Jan 3, 2025",Swift Current Broncos,Medicine Hat Tigers,Swift Current Broncos,Swift Current Broncos
1021585,"Fri, Jan 3, 2025",Lethbridge Hurricanes,Edmonton Oil Kings,Edmonton Oil Kings,Edmonton Oil Kings
1021588,"Fri, Jan 3, 2025",Red Deer Rebels,Calgary Hitmen,Calgary Hitmen,Calgary Hitmen
1021584,"Fri, Jan 3, 2025",Kamloops Blazers,Kelowna Rockets,Kelowna Rockets,Kelowna Rockets
1021587,"Fri, Jan 3, 2025",Prince George Cougars,Seattle Thunderbirds,Prince George Cougars,Seattle Thunderbirds
1021592,"Fri, Jan 3, 2025",Vancouver Giants,Wenatchee Wild,Vancouver Giants,Vancouver Giants
1021591,"Fri, Jan 3, 2025",Tri-City Americans,Portland Winterhawks,Portland Winterhawks,Tri-City Americans
1021593,"Fri, Jan 3, 2025",Victoria Royals,Everett Silvertips,Everett Silvertips,Victoria Royals
1021598,"Sat, Jan 4, 2025",Moose Jaw Warriors,Saskatoon Blades,Saskatoon Blades,Saskatoon Blades
1021600,"Sat, Jan 4, 2025",Prince Albert Raiders,Brandon Wheat Kings,Brandon Wheat Kings,Brandon Wheat Kings
1021594,"Sat, Jan 4, 2025",Edmonton Oil Kings,Lethbridge Hurricanes,Edmonton Oil Kings,Edmonton Oil Kings
1021597,"Sat, Jan 4, 2025",Medicine Hat Tigers,Swift Current Broncos,Swift Current Broncos,Medicine Hat Tigers
1021599,"Sat, Jan 4, 2025",Portland Winterhawks,Wenatchee Wild,Portland Winterhawks,Wenatchee Wild
1021601,"Sat, Jan 4, 2025",Prince George Cougars,Seattle Thunderbirds,Prince George Cougars,Prince George Cougars
1021602,"Sat, Jan 4, 2025",Red Deer Rebels,Regina Pats,Regina Pats,Regina Pats
1021595,"Sat, Jan 4, 2025",Everett Silvertips,Victoria Royals,Everett Silvertips,Victoria Royals
1021596,"Sat, Jan 4, 2025",Kelowna Rockets,Vancouver Giants,Vancouver Giants,Vancouver Giants
1021603,"Sat, Jan 4, 2025",Spokane Chiefs,Kamloops Blazers,Kamloops Blazers,Spokane Chiefs
1021604,"Sun, Jan 5, 2025",Calgary Hitmen,Regina Pats,Calgary Hitmen,Calgary Hitmen
1021605,"Sun, Jan 5, 2025",Edmonton Oil Kings,Lethbridge Hurricanes,Edmonton Oil Kings,Lethbridge Hurricanes
1021607,"Sun, Jan 5, 2025",Tri-City Americans,Wenatchee Wild,Tri-City Americans,Wenatchee Wild
1021606,"Sun, Jan 5, 2025",Spokane Chiefs,Kamloops Blazers,Spokane Chiefs,Spokane Chiefs
1021608,"Tue, Jan 7, 2025",Lethbridge Hurricanes,Moose Jaw Warriors,Moose Jaw Warriors,Lethbridge Hurricanes
1021610,"Tue, Jan 7, 2025",Red Deer Rebels,Saskatoon Blades,Saskatoon Blades,Saskatoon Blades
1021609,"Tue, Jan 7, 2025",Prince George Cougars,Vancouver Giants,Vancouver Giants,Prince George Cougars
1021611,"Tue, Jan 7, 2025",Seattle Thunderbirds,Victoria Royals,Victoria Royals,Victoria Royals
1021612,"Wed, Jan 8, 2025",Calgary Hitmen,Moose Jaw Warriors,Calgary Hitmen,Calgary Hitmen
1021613,"Wed, Jan 8, 2025",Edmonton Oil Kings,Saskatoon Blades,Edmonton Oil Kings,Edmonton Oil Kings
1021614,"Wed, Jan 8, 2025",Medicine Hat Tigers,Prince Albert Raiders,Prince Albert Raiders,Medicine Hat Tigers
1021615,"Wed, Jan 8, 2025",Prince George Cougars,Vancouver Giants,Vancouver Giants,Prince George Cougars
1021616,"Fri, Jan 10, 2025",Brandon Wheat Kings,Portland Winterhawks,Portland Winterhawks,Portland Winterhawks
1021623,"Fri, Jan 10, 2025",Moose Jaw Warriors,Regina Pats,Regina Pats,Regina Pats
1021624,"Fri, Jan 10, 2025",Swift Current Broncos,Lethbridge Hurricanes,Lethbridge Hurricanes,Lethbridge Hurricanes
1021617,"Fri, Jan 10, 2025",Calgary Hitmen,Saskatoon Blades,Saskatoon Blades,Calgary Hitmen
1021618,"Fri, Jan 10, 2025",Edmonton Oil Kings,Prince Albert Raiders,Edmonton Oil Kings,Edmonton Oil Kings
1021622,"Fri, Jan 10, 2025",Medicine Hat Tigers,Red Deer Rebels,Medicine Hat Tigers,Medicine Hat Tigers
1021620,"Fri, Jan 10, 2025",Kamloops Blazers,Vancouver Giants,Kamloops Blazers,Kamloops Blazers
1021626,"Fri, Jan 10, 2025",Wenatchee Wild,Victoria Royals,Wenatchee Wild,Victoria Royals
1021619,"Fri, Jan 10, 2025",Everett Silvertips,Spokane Chiefs,Everett Silvertips,Everett Silvertips
1021621,"Fri, Jan 10, 2025",Kelowna Rockets,Prince George Cougars,Prince George Cougars,Kelowna Rockets
1021625,"Fri, Jan 10, 2025",Tri-City Americans,Seattle Thunderbirds,Seattle Thunderbirds,Tri-City Americans
1021631,"Sat, Jan 11, 2025",Regina Pats,Portland Winterhawks,Portland Winterhawks,Portland Winterhawks
1021629,"Sat, Jan 11, 2025",Moose Jaw Warriors,Lethbridge Hurricanes,Lethbridge Hurricanes,Lethbridge Hurricanes
1021627,"Sat, Jan 11, 2025",Edmonton Oil Kings,Medicine Hat Tigers,Edmonton Oil Kings,Medicine Hat Tigers
1021628,"Sat, Jan 11, 2025",Kamloops Blazers,Prince George Cougars,Kamloops Blazers,Kamloops Blazers
1021630,"Sat, Jan 11, 2025",Red Deer Rebels,Prince Albert Raiders,Prince Albert Raiders,Prince Albert Raiders
1021635,"Sat, Jan 11, 2025",Wenatchee Wild,Spokane Chiefs,Spokane Chiefs,Spokane Chiefs
1021632,"Sat, Jan 11, 2025",Seattle Thunderbirds,Everett Silvertips,Everett Silvertips,Seattle Thunderbirds
1021633,"Sat, Jan 11, 2025",Tri-City Americans,Victoria Royals,Victoria Royals,Victoria Royals
1021634,"Sat, Jan 11, 2025",Vancouver Giants,Kelowna Rockets,Vancouver Giants,Vancouver Giants
1021636,"Sun, Jan 12, 2025",Calgary Hitmen,Brandon Wheat Kings,Calgary Hitmen,Calgary Hitmen
1021637,"Sun, Jan 12, 2025",Everett Silvertips,Tri-City Americans,Everett Silvertips,Everett Silvertips
1021638,"Tue, Jan 14, 2025",Prince Albert Raiders,Portland Winterhawks,Portland Winterhawks,Prince Albert Raiders
1021640,"Wed, Jan 15, 2025",Regina Pats,Red Deer Rebels,Regina Pats,Regina Pats
1021641,"Wed, Jan 15, 2025",Saskatoon Blades,Portland Winterhawks,Portland Winterhawks,Portland Winterhawks
1021642,"Wed, Jan 15, 2025",Swift Current Broncos,Edmonton Oil Kings,Edmonton Oil Kings,Swift Current Broncos
1021639,"Wed, Jan 15, 2025",Kelowna Rockets,Spokane Chiefs,Spokane Chiefs,Spokane Chiefs
1021643,"Wed, Jan 15, 2025",Tri-City Americans,Lethbridge Hurricanes,Tri-City Americans,Lethbridge Hurricanes
1021644,"Wed, Jan 15, 2025",Victoria Royals,Brandon Wheat Kings,Victoria Royals,Brandon Wheat Kings
1021648,"Fri, Jan 17, 2025",Moose Jaw Warriors,Portland Winterhawks,Portland Winterhawks,Portland Winterhawks
1021649,"Fri, Jan 17, 2025",Prince Albert Raiders,Swift Current Broncos,Swift Current Broncos,Prince Albert Raiders
1021650,"Fri, Jan 17, 2025",Regina Pats,Edmonton Oil Kings,Edmonton Oil Kings,Edmonton Oil Kings
1021651,"Fri, Jan 17, 2025",Saskatoon Blades,Red Deer Rebels,Saskatoon Blades,Saskatoon Blades
1021645,"Fri, Jan 17, 2025",Calgary Hitmen,Medicine Hat Tigers,Calgary Hitmen,Medicine Hat Tigers
1021653,"Fri, Jan 17, 2025",Vancouver Giants,Tri-City Americans,Vancouver Giants,Vancouver Giants
1021655,"Fri, Jan 17, 2025",Wenatchee Wild,Lethbridge Hurricanes,Lethbridge Hurricanes,Lethbridge Hurricanes
1021646,"Fri, Jan 17, 2025",Everett Silvertips,Brandon Wheat Kings,Brandon Wheat Kings,Everett Silvertips
1021647,"Fri, Jan 17, 2025",Kelowna Rockets,Seattle Thunderbirds,Kelowna Rockets,Seattle Thunderbirds
1021652,"Fri, Jan 17, 2025",Spokane Chiefs,Prince George Cougars,Spokane Chiefs,Spokane Chiefs
1021654,"Fri, Jan 17, 2025",Victoria Royals,Kamloops Blazers,Kamloops Blazers,Victoria Royals
1021658,"Sat, Jan 18, 2025",Moose Jaw Warriors,Edmonton Oil Kings,Edmonton Oil Kings,Edmonton Oil Kings
1021659,"Sat, Jan 18, 2025",Prince Albert Raiders,Red Deer Rebels,Prince Albert Raiders,Prince Albert Raiders
1021662,"Sat, Jan 18, 2025",Swift Current Broncos,Portland Winterhawks,Portland Winterhawks,Swift Current Broncos
1021657,"Sat, Jan 18, 2025",Medicine Hat Tigers,Calgary Hitmen,Medicine Hat Tigers,Medicine Hat Tigers
1021656,"Sat, Jan 18, 2025",Everett Silvertips,Prince George Cougars,Everett Silvertips,Everett Silvertips
1021660,"Sat, Jan 18, 2025",Seattle Thunderbirds,Kelowna Rockets,Seattle Thunderbirds,Kelowna Rockets
1021661,"Sat, Jan 18, 2025",Spokane Chiefs,Lethbridge Hurricanes,Spokane Chiefs,Lethbridge Hurricanes
1021663,"Sat, Jan 18, 2025",Tri-City Americans,Wenatchee Wild,Wenatchee Wild,Wenatchee Wild
1021664,"Sat, Jan 18, 2025",Victoria Royals,Kamloops Blazers,Victoria Royals,Victoria Royals
1021666,"Sun, Jan 19, 2025",Saskatoon Blades,Swift Current Broncos,Swift Current Broncos,Swift Current Broncos
1021667,"Sun, Jan 19, 2025",Vancouver Giants,Brandon Wheat Kings,Vancouver Giants,Vancouver Giants
1021665,"Sun, Jan 19, 2025",Calgary Hitmen,Regina Pats,Regina Pats,Calgary Hitmen
1021668,"Sun, Jan 19, 2025",Wenatchee Wild,Tri-City Americans,Wenatchee Wild,Tri-City Americans
1021670,"Tue, Jan 21, 2025",Medicine Hat Tigers,Regina Pats,Medicine Hat Tigers,Medicine Hat Tigers
1021669,"Tue, Jan 21, 2025",Kelowna Rockets,Brandon Wheat Kings,Brandon Wheat Kings,Brandon Wheat Kings
1021671,"Tue, Jan 21, 2025",Seattle Thunderbirds,Vancouver Giants,Seattle Thunderbirds,Seattle Thunderbirds
1021674,"Wed, Jan 22, 2025",Moose Jaw Warriors,Calgary Hitmen,Calgary Hitmen,Calgary Hitmen
1021673,"Wed, Jan 22, 2025",Lethbridge Hurricanes,Regina Pats,Lethbridge Hurricanes,Lethbridge Hurricanes
1021672,"Wed, Jan 22, 2025",Kamloops Blazers,Brandon Wheat Kings,Brandon Wheat Kings,Brandon Wheat Kings
1021675,"Wed, Jan 22, 2025",Spokane Chiefs,Everett Silvertips,Spokane Chiefs,Spokane Chiefs
1021680,"Fri, Jan 24, 2025",Prince Albert Raiders,Saskatoon Blades,Prince Albert Raiders,Prince Albert Raiders
1021676,"Fri, Jan 24, 2025",Edmonton Oil Kings,Moose Jaw Warriors,Edmonton Oil Kings,Edmonton Oil Kings
1021678,"Fri, Jan 24, 2025",Lethbridge Hurricanes,Red Deer Rebels,Lethbridge Hurricanes,Lethbridge Hurricanes
1021677,"Fri, Jan 24, 2025",Kamloops Blazers,Kelowna Rockets,Kamloops Blazers,Kamloops Blazers
1021679,"Fri, Jan 24, 2025",Portland Winterhawks,Tri-City Americans,Portland Winterhawks,Portland Winterhawks
1021681,"Fri, Jan 24, 2025",Prince George Cougars,Brandon Wheat Kings,Brandon Wheat Kings,Prince George Cougars
1021684,"Fri, Jan 24, 2025",Wenatchee Wild,Everett Silvertips,Everett Silvertips,Wenatchee Wild
1021682,"Fri, Jan 24, 2025",Seattle Thunderbirds,Victoria Royals,Seattle Thunderbirds,Seattle Thunderbirds
1021683,"Fri, Jan 24, 2025",Spokane Chiefs,Medicine Hat Tigers,Medicine Hat Tigers,Medicine Hat Tigers
1021690,"Sat, Jan 25, 2025",Regina Pats,Prince Albert Raiders,Prince Albert Raiders,Regina Pats
1021687,"Sat, Jan 25, 2025",Lethbridge Hurricanes,Calgary Hitmen,Lethbridge Hurricanes,Calgary Hitmen
1021688,"Sat, Jan 25, 2025",Prince George Cougars,Kamloops Blazers,Kamloops Blazers,Kamloops Blazers
1021689,"Sat, Jan 25, 2025",Red Deer Rebels,Moose Jaw Warriors,Red Deer Rebels,Red Deer Rebels
1021693,"Sat, Jan 25, 2025",Wenatchee Wild,Portland Winterhawks,Portland Winterhawks,Portland Winterhawks
1021685,"Sat, Jan 25, 2025",Everett Silvertips,Seattle Thunderbirds,Seattle Thunderbirds,Everett Silvertips
1021686,"Sat, Jan 25, 2025",Kelowna Rockets,Vancouver Giants,Vancouver Giants,Vancouver Giants
1021691,"Sat, Jan 25, 2025",Tri-City Americans,Medicine Hat Tigers,Medicine Hat Tigers,Medicine Hat Tigers
1021692,"Sat, Jan 25, 2025",Victoria Royals,Swift Current Broncos,Swift Current Broncos,Swift Current Broncos
1021697,"Sun, Jan 26, 2025",Saskatoon Blades,Prince Albert Raiders,Prince Albert Raiders,Prince Albert Raiders
1021698,"Sun, Jan 26, 2025",Vancouver Giants,Swift Current Broncos,Swift Current Broncos,Swift Current Broncos
1021696,"Sun, Jan 26, 2025",Everett Silvertips,Tri-City Americans,Everett Silvertips,Everett Silvertips
1021694,"Sun, Jan 26, 2025",Calgary Hitmen,Red Deer Rebels,Red Deer Rebels,Calgary Hitmen
1021695,"Sun, Jan 26, 2025",Edmonton Oil Kings,Lethbridge Hurricanes,Edmonton Oil Kings,Lethbridge Hurricanes
1021700,"Tue, Jan 28, 2025",Wenatchee Wild,Medicine Hat Tigers,Medicine Hat Tigers,Medicine Hat Tigers
1021699,"Tue, Jan 28, 2025",Prince George Cougars,Swift Current Broncos,Swift Current Broncos,Prince George Cougars
1021701,"Wed, Jan 29, 2025",Brandon Wheat Kings,Red Deer Rebels,Brandon Wheat Kings,Brandon Wheat Kings
1021706,"Wed, Jan 29, 2025",Prince Albert Raiders,Regina Pats,Prince Albert Raiders,Prince Albert Raiders
1021702,"Wed, Jan 29, 2025",Calgary Hitmen,Edmonton Oil Kings,Edmonton Oil Kings,Calgary Hitmen
1021704,"Wed, Jan 29, 2025",Kamloops Blazers,Tri-City Americans,Tri-City Americans,Tri-City Americans
1021703,"Wed, Jan 29, 2025",Everett Silvertips,Medicine Hat Tigers,Medicine Hat Tigers,Medicine Hat Tigers
1021705,"Wed, Jan 29, 2025",Kelowna Rockets,Victoria Royals,Victoria Royals,Victoria Royals
1021710,"Fri, Jan 31, 2025",Moose Jaw Warriors,Brandon Wheat Kings,Brandon Wheat Kings,Moose Jaw Warriors
1021713,"Fri, Jan 31, 2025",Regina Pats,Red Deer Rebels,Red Deer Rebels,Red Deer Rebels
1021714,"Fri, Jan 31, 2025",Saskatoon Blades,Wenatchee Wild,Saskatoon Blades,Saskatoon Blades
1021707,"Fri, Jan 31, 2025",Edmonton Oil Kings,Calgary Hitmen,Calgary Hitmen,Calgary Hitmen
1021708,"Fri, Jan 31, 2025",Kamloops Blazers,Swift Current Broncos,Swift Current Broncos,Kamloops Blazers
1021711,"Fri, Jan 31, 2025",Portland Winterhawks,Medicine Hat Tigers,Portland Winterhawks,Medicine Hat Tigers
1021712,"Fri, Jan 31, 2025",Prince George Cougars,Tri-City Americans,Tri-City Americans,Prince George Cougars
1021709,"Fri, Jan 31, 2025",Kelowna Rockets,Everett Silvertips,Everett Silvertips,Everett Silvertips
1021715,"Fri, Jan 31, 2025",Seattle Thunderbirds,Vancouver Giants,Seattle Thunderbirds,Seattle Thunderbirds
1021716,"Fri, Jan 31, 2025",Spokane Chiefs,Victoria Royals,Spokane Chiefs,Spokane Chiefs
1021724,"Sat, Feb 1, 2025",Regina Pats,Brandon Wheat Kings,Brandon Wheat Kings,Brandon Wheat Kings
1021719,"Sat, Feb 1, 2025",Lethbridge Hurricanes,Edmonton Oil Kings,Lethbridge Hurricanes,Edmonton Oil Kings
1021720,"Sat, Feb 1, 2025",Moose Jaw Warriors,Red Deer Rebels,Red Deer Rebels,Red Deer Rebels
1021722,"Sat, Feb 1, 2025",Prince Albert Raiders,Wenatchee Wild,Wenatchee Wild,Prince Albert Raiders
1021721,"Sat, Feb 1, 2025",Portland Winterhawks,Victoria Royals,Victoria Royals,Victoria Royals
1021723,"Sat, Feb 1, 2025",Prince George Cougars,Tri-City Americans,Tri-City Americans,Prince George Cougars
1021717,"Sat, Feb 1, 2025",Everett Silvertips,Spokane Chiefs,Everett Silvertips,Spokane Chiefs
1021718,"Sat, Feb 1, 2025",Kelowna Rockets,Swift Current Broncos,Swift Current Broncos,Swift Current Broncos
1021725,"Sat, Feb 1, 2025",Seattle Thunderbirds,Medicine Hat Tigers,Seattle Thunderbirds,Seattle Thunderbirds
1021726,"Sat, Feb 1, 2025",Vancouver Giants,Kamloops Blazers,Kamloops Blazers,Vancouver Giants
1021727,"Sun, Feb 2, 2025",Calgary Hitmen,Lethbridge Hurricanes,Calgary Hitmen,Calgary Hitmen
1021729,"Sun, Feb 2, 2025",Saskatoon Blades,Moose Jaw Warriors,Saskatoon Blades,Saskatoon Blades
1021730,"Sun, Feb 2, 2025",Vancouver Giants,Spokane Chiefs,Spokane Chiefs,Spokane Chiefs
1021728,"Sun, Feb 2, 2025",Everett Silvertips,Kamloops Blazers,Everett Silvertips,Everett Silvertips
1021731,"Tue, Feb 4, 2025",Moose Jaw Warriors,Wenatchee Wild,Wenatchee Wild,Wenatchee Wild
1021732,"Tue, Feb 4, 2025",Tri-City Americans,Prince George Cougars,Prince George Cougars,Tri-City Americans
1021733,"Tue, Feb 4, 2025",Victoria Royals,Kelowna Rockets,Victoria Royals,Victoria Royals
1021734,"Wed, Feb 5, 2025",Brandon Wheat Kings,Wenatchee Wild,Brandon Wheat Kings,Brandon Wheat Kings
1021735,"Wed, Feb 5, 2025",Calgary Hitmen,Prince Albert Raiders,Prince Albert Raiders,Calgary Hitmen
1021736,"Wed, Feb 5, 2025",Victoria Royals,Kelowna Rockets,Victoria Royals,Victoria Royals
1021737,"Fri, Feb 7, 2025",Brandon Wheat Kings,Saskatoon Blades,Brandon Wheat Kings,Saskatoon Blades
1021744,"Fri, Feb 7, 2025",Regina Pats,Wenatchee Wild,Wenatchee Wild,Regina Pats
1021738,"Fri, Feb 7, 2025",Calgary Hitmen,Edmonton Oil Kings,Calgary Hitmen,Calgary Hitmen
1021741,"Fri, Feb 7, 2025",Lethbridge Hurricanes,Prince Albert Raiders,Prince Albert Raiders,Lethbridge Hurricanes
1021742,"Fri, Feb 7, 2025",Medicine Hat Tigers,Swift Current Broncos,Swift Current Broncos,Swift Current Broncos
1021743,"Fri, Feb 7, 2025",Red Deer Rebels,Moose Jaw Warriors,Moose Jaw Warriors,Red Deer Rebels
1021739,"Fri, Feb 7, 2025",Kamloops Blazers,Everett Silvertips,Everett Silvertips,Everett Silvertips
1021747,"Fri, Feb 7, 2025",Vancouver Giants,Portland Winterhawks,Vancouver Giants,Portland Winterhawks
1021740,"Fri, Feb 7, 2025",Kelowna Rockets,Prince George Cougars,Prince George Cougars,Prince George Cougars
1021745,"Fri, Feb 7, 2025",Seattle Thunderbirds,Spokane Chiefs,Spokane Chiefs,Spokane Chiefs
1021746,"Fri, Feb 7, 2025",Tri-City Americans,Victoria Royals,Victoria Royals,Victoria Royals
1021754,"Sat, Feb 8, 2025",Saskatoon Blades,Regina Pats,Saskatoon Blades,Saskatoon Blades
1021756,"Sat, Feb 8, 2025",Swift Current Broncos,Wenatchee Wild,Swift Current Broncos,Swift Current Broncos
1021748,"Sat, Feb 8, 2025",Edmonton Oil Kings,Moose Jaw Warriors,Edmonton Oil Kings,Edmonton Oil Kings
1021749,"Sat, Feb 8, 2025",Kamloops Blazers,Prince George Cougars,Prince George Cougars,Prince George Cougars
1021751,"Sat, Feb 8, 2025",Medicine Hat Tigers,Prince Albert Raiders,Medicine Hat Tigers,Prince Albert Raiders
1021752,"Sat, Feb 8, 2025",Portland Winterhawks,Seattle Thunderbirds,Portland Winterhawks,Seattle Thunderbirds
1021753,"Sat, Feb 8, 2025",Red Deer Rebels,Lethbridge Hurricanes,Lethbridge Hurricanes,Lethbridge Hurricanes
1021750,"Sat, Feb 8, 2025",Kelowna Rockets,Tri-City Americans,Tri-City Americans,Tri-City Americans
1021755,"Sat, Feb 8, 2025",Spokane Chiefs,Victoria Royals,Victoria Royals,Victoria Royals
1021757,"Sat, Feb 8, 2025",Vancouver Giants,Everett Silvertips,Everett Silvertips,Vancouver Giants
1021761,"Tue, Feb 11, 2025",Saskatoon Blades,Medicine Hat Tigers,Medicine Hat Tigers,Medicine Hat Tigers
1021764,"Tue, Feb 11, 2025",Swift Current Broncos,Brandon Wheat Kings,Brandon Wheat Kings,Brandon Wheat Kings
1021758,"Tue, Feb 11, 2025",Calgary Hitmen,Lethbridge Hurricanes,Lethbridge Hurricanes,Calgary Hitmen
1021760,"Tue, Feb 11, 2025",Red Deer Rebels,Regina Pats,Regina Pats,Red Deer Rebels
1021759,"Tue, Feb 11, 2025",Kamloops Blazers,Tri-City Americans,Tri-City Americans,Tri-City Americans
1021762,"Tue, Feb 11, 2025",Seattle Thunderbirds,Kelowna Rockets,Kelowna Rockets,Seattle Thunderbirds
1021763,"Tue, Feb 11, 2025",Spokane Chiefs,Wenatchee Wild,Spokane Chiefs,Spokane Chiefs
1021767,"Wed, Feb 12, 2025",Prince Albert Raiders,Medicine Hat Tigers,Medicine Hat Tigers,Medicine Hat Tigers
1021765,"Wed, Feb 12, 2025",Edmonton Oil Kings,Regina Pats,Edmonton Oil Kings,Edmonton Oil Kings
1021766,"Wed, Feb 12, 2025",Lethbridge Hurricanes,Red Deer Rebels,Lethbridge Hurricanes,Lethbridge Hurricanes
1021770,"Fri, Feb 14, 2025",Moose Jaw Warriors,Brandon Wheat Kings,Brandon Wheat Kings,Brandon Wheat Kings
1021771,"Fri, Feb 14, 2025",Prince Albert Raiders,Swift Current Broncos,Swift Current Broncos,Prince Albert Raiders
1021774,"Fri, Feb 14, 2025",Saskatoon Blades,Calgary Hitmen,Calgary Hitmen,Saskatoon Blades
1021769,"Fri, Feb 14, 2025",Lethbridge Hurricanes,Regina Pats,Lethbridge Hurricanes,Lethbridge Hurricanes
1021773,"Fri, Feb 14, 2025",Red Deer Rebels,Edmonton Oil Kings,Edmonton Oil Kings,Red Deer Rebels
1021768,"Fri, Feb 14, 2025",Kamloops Blazers,Kelowna Rockets,Kelowna Rockets,Kamloops Blazers
1021772,"Fri, Feb 14, 2025",Prince George Cougars,Everett Silvertips,Everett Silvertips,Everett Silvertips
1021777,"Fri, Feb 14, 2025",Wenatchee Wild,Portland Winterhawks,Portland Winterhawks,Portland Winterhawks
1021775,"Fri, Feb 14, 2025",Tri-City Americans,Spokane Chiefs,Spokane Chiefs,Tri-City Americans
1021776,"Fri, Feb 14, 2025",Victoria Royals,Vancouver Giants,Victoria Royals,Victoria Royals
1021778,"Sat, Feb 15, 2025",Brandon Wheat Kings,Moose Jaw Warriors,Brandon Wheat Kings,Brandon Wheat Kings
1021782,"Sat, Feb 15, 2025",Prince Albert Raiders,Calgary Hitmen,Calgary Hitmen,Prince Albert Raiders
1021786,"Sat, Feb 15, 2025",Swift Current Broncos,Saskatoon Blades,Saskatoon Blades,Swift Current Broncos
1021779,"Sat, Feb 15, 2025",Edmonton Oil Kings,Lethbridge Hurricanes,Lethbridge Hurricanes,Edmonton Oil Kings
1021781,"Sat, Feb 15, 2025",Medicine Hat Tigers,Regina Pats,Medicine Hat Tigers,Medicine Hat Tigers
1021783,"Sat, Feb 15, 2025",Prince George Cougars,Everett Silvertips,Everett Silvertips,Prince George Cougars
1021780,"Sat, Feb 15, 2025",Kelowna Rockets,Kamloops Blazers,Kelowna Rockets,Kamloops Blazers
1021784,"Sat, Feb 15, 2025",Seattle Thunderbirds,Portland Winterhawks,Seattle Thunderbirds,Seattle Thunderbirds
1021785,"Sat, Feb 15, 2025",Spokane Chiefs,Tri-City Americans,Tri-City Americans,Spokane Chiefs
1021787,"Sat, Feb 15, 2025",Vancouver Giants,Victoria Royals,Victoria Royals,Vancouver Giants
1021788,"Sun, Feb 16, 2025",Wenatchee Wild,Seattle Thunderbirds,Seattle Thunderbirds,Seattle Thunderbirds
1021792,"Mon, Feb 17, 2025",Moose Jaw Warriors,Prince Albert Raiders,Prince Albert Raiders,Prince Albert Raiders
1021791,"Mon, Feb 17, 2025",Medicine Hat Tigers,Lethbridge Hurricanes,Medicine Hat Tigers,Medicine Hat Tigers
1021794,"Mon, Feb 17, 2025",Red Deer Rebels,Edmonton Oil Kings,Edmonton Oil Kings,Edmonton Oil Kings
1021789,"Mon, Feb 17, 2025",Kamloops Blazers,Spokane Chiefs,Spokane Chiefs,Spokane Chiefs
1021795,"Mon, Feb 17, 2025",Saskatoon Blades,Brandon Wheat Kings,Brandon Wheat Kings,Brandon Wheat Kings
1021797,"Mon, Feb 17, 2025",Vancouver Giants,Prince George Cougars,Vancouver Giants,Vancouver Giants
1021790,"Mon, Feb 17, 2025",Kelowna Rockets,Tri-City Americans,Tri-City Americans,Tri-City Americans
1021793,"Mon, Feb 17, 2025",Portland Winterhawks,Seattle Thunderbirds,Seattle Thunderbirds,Portland Winterhawks
1021796,"Mon, Feb 17, 2025",Swift Current Broncos,Calgary Hitmen,Calgary Hitmen,Calgary Hitmen
1021798,"Mon, Feb 17, 2025",Victoria Royals,Everett Silvertips,Victoria Royals,Everett Silvertips
1021799,"Tue, Feb 18, 2025",Brandon Wheat Kings,Prince Albert Raiders,Brandon Wheat Kings,Brandon Wheat Kings
1021800,"Wed, Feb 19, 2025",Lethbridge Hurricanes,Saskatoon Blades,Lethbridge Hurricanes,Saskatoon Blades
1021801,"Wed, Feb 19, 2025",Regina Pats,Calgary Hitmen,Calgary Hitmen,Calgary Hitmen
1021802,"Fri, Feb 21, 2025",Brandon Wheat Kings,Calgary Hitmen,Brandon Wheat Kings,Calgary Hitmen
1021807,"Fri, Feb 21, 2025",Prince Albert Raiders,Moose Jaw Warriors,Prince Albert Raiders,Prince Albert Raiders
1021810,"Fri, Feb 21, 2025",Swift Current Broncos,Regina Pats,Swift Current Broncos,Regina Pats
1021805,"Fri, Feb 21, 2025",Lethbridge Hurricanes,Kamloops Blazers,Lethbridge Hurricanes,Lethbridge Hurricanes
1021806,"Fri, Feb 21, 2025",Medicine Hat Tigers,Edmonton Oil Kings,Edmonton Oil Kings,Edmonton Oil Kings
1021808,"Fri, Feb 21, 2025",Red Deer Rebels,Saskatoon Blades,Saskatoon Blades,Saskatoon Blades
1021812,"Fri, Feb 21, 2025",Wenatchee Wild,Seattle Thunderbirds,Seattle Thunderbirds,Wenatchee Wild
1021803,"Fri, Feb 21, 2025",Everett Silvertips,Portland Winterhawks,Portland Winterhawks,Everett Silvertips
1021804,"Fri, Feb 21, 2025",Kelowna Rockets,Vancouver Giants,Vancouver Giants,Vancouver Giants
1021809,"Fri, Feb 21, 2025",Spokane Chiefs,Tri-City Americans,Tri-City Americans,Spokane Chiefs
1021811,"Fri, Feb 21, 2025",Victoria Royals,Prince George Cougars,Victoria Royals,Victoria Royals
1021816,"Sat, Feb 22, 2025",Regina Pats,Prince Albert Raiders,Prince Albert Raiders,Prince Albert Raiders
1021814,"Sat, Feb 22, 2025",Moose Jaw Warriors,Calgary Hitmen,Calgary Hitmen,Calgary Hitmen
1021818,"Sat, Feb 22, 2025",Swift Current Broncos,Brandon Wheat Kings,Brandon Wheat Kings,Swift Current Broncos
1021813,"Sat, Feb 22, 2025",Medicine Hat Tigers,Kamloops Blazers,Medicine Hat Tigers,Medicine Hat Tigers
1021815,"Sat, Feb 22, 2025",Portland Winterhawks,Wenatchee Wild,Portland Winterhawks,Portland Winterhawks
1021817,"Sat, Feb 22, 2025",Seattle Thunderbirds,Everett Silvertips,Everett Silvertips,Seattle Thunderbirds
1021819,"Sat, Feb 22, 2025",Tri-City Americans,Spokane Chiefs,Spokane Chiefs,Tri-City Americans
1021821,"Sat, Feb 22, 2025",Victoria Royals,Prince George Cougars,Victoria Royals,Victoria Royals
1021820,"Sat, Feb 22, 2025",Vancouver Giants,Kelowna Rockets,Vancouver Giants,Kelowna Rockets
1021823,"Sun, Feb 23, 2025",Portland Winterhawks,Spokane Chiefs,Spokane Chiefs,Spokane Chiefs
1021824,"Sun, Feb 23, 2025",Wenatchee Wild,Vancouver Giants,Vancouver Giants,Wenatchee Wild
1021822,"Sun, Feb 23, 2025",Edmonton Oil Kings,Medicine Hat Tigers,Medicine Hat Tigers,Medicine Hat Tigers
1021825,"Tue, Feb 25, 2025",Moose Jaw Warriors,Edmonton Oil Kings,Edmonton Oil Kings,Edmonton Oil Kings
1021827,"Tue, Feb 25, 2025",Saskatoon Blades,Lethbridge Hurricanes,Lethbridge Hurricanes,Lethbridge Hurricanes
1021826,"Tue, Feb 25, 2025",Prince George Cougars,Kelowna Rockets,Prince George Cougars,Prince George Cougars
1021829,"Wed, Feb 26, 2025",Calgary Hitmen,Swift Current Broncos,Calgary Hitmen,Calgary Hitmen
1021828,"Wed, Feb 26, 2025",Brandon Wheat Kings,Edmonton Oil Kings,Brandon Wheat Kings,Brandon Wheat Kings
1021831,"Wed, Feb 26, 2025",Prince Albert Raiders,Lethbridge Hurricanes,Prince Albert Raiders,Lethbridge Hurricanes
1021830,"Wed, Feb 26, 2025",Kamloops Blazers,Portland Winterhawks,Portland Winterhawks,Kamloops Blazers
1021832,"Wed, Feb 26, 2025",Prince George Cougars,Kelowna Rockets,Prince George Cougars,Prince George Cougars
1021833,"Wed, Feb 26, 2025",Spokane Chiefs,Vancouver Giants,Spokane Chiefs,Spokane Chiefs
1021834,"Fri, Feb 28, 2025",Brandon Wheat Kings,Lethbridge Hurricanes,Brandon Wheat Kings,Brandon Wheat Kings
1021836,"Fri, Feb 28, 2025",Prince Albert Raiders,Edmonton Oil Kings,Edmonton Oil Kings,Edmonton Oil Kings
1021839,"Fri, Feb 28, 2025",Regina Pats,Medicine Hat Tigers,Medicine Hat Tigers,Medicine Hat Tigers
1021841,"Fri, Feb 28, 2025",Swift Current Broncos,Moose Jaw Warriors,Swift Current Broncos,Swift Current Broncos
1021838,"Fri, Feb 28, 2025",Red Deer Rebels,Calgary Hitmen,Calgary Hitmen,Red Deer Rebels
1021837,"Fri, Feb 28, 2025",Prince George Cougars,Kamloops Blazers,Prince George Cougars,Prince George Cougars
1021835,"Fri, Feb 28, 2025",Everett Silvertips,Seattle Thunderbirds,Seattle Thunderbirds,Everett Silvertips
1021840,"Fri, Feb 28, 2025",Spokane Chiefs,Wenatchee Wild,Spokane Chiefs,Spokane Chiefs
1021842,"Fri, Feb 28, 2025",Tri-City Americans,Vancouver Giants,Vancouver Giants,Tri-City Americans
1021843,"Fri, Feb 28, 2025",Victoria Royals,Portland Winterhawks,Victoria Royals,Victoria Royals
1021849,"Sat, Mar 1, 2025",Regina Pats,Lethbridge Hurricanes,Lethbridge Hurricanes,Lethbridge Hurricanes
1021844,"Sat, Mar 1, 2025",Brandon Wheat Kings,Medicine Hat Tigers,Medicine Hat Tigers,Medicine Hat Tigers
1021847,"Sat, Mar 1, 2025",Moose Jaw Warriors,Saskatoon Blades,Saskatoon Blades,Moose Jaw Warriors
1021851,"Sat, Mar 1, 2025",Swift Current Broncos,Prince Albert Raiders,Prince Albert Raiders,Swift Current Broncos
1021846,"Sat, Mar 1, 2025",Kamloops Blazers,Prince George Cougars,Prince George Cougars,Prince George Cougars
1021848,"Sat, Mar 1, 2025",Red Deer Rebels,Kelowna Rockets,Kelowna Rockets,Red Deer Rebels
1021853,"Sat, Mar 1, 2025",Wenatchee Wild,Tri-City Americans,Tri-City Americans,Wenatchee Wild
1021845,"Sat, Mar 1, 2025",Everett Silvertips,Vancouver Giants,Everett Silvertips,Everett Silvertips
1021850,"Sat, Mar 1, 2025",Spokane Chiefs,Seattle Thunderbirds,Spokane Chiefs,Seattle Thunderbirds
1021852,"Sat, Mar 1, 2025",Victoria Royals,Portland Winterhawks,Victoria Royals,Victoria Royals
1021854,"Sun, Mar 2, 2025",Calgary Hitmen,Kelowna Rockets,Calgary Hitmen,Calgary Hitmen
1021855,"Sun, Mar 2, 2025",Saskatoon Blades,Edmonton Oil Kings,Edmonton Oil Kings,Saskatoon Blades
1021857,"Sun, Mar 2, 2025",Vancouver Giants,Wenatchee Wild,Wenatchee Wild,Vancouver Giants
1021856,"Sun, Mar 2, 2025",Seattle Thunderbirds,Tri-City Americans,Tri-City Americans,Tri-City Americans
1021859,"Tue, Mar 4, 2025",Prince Albert Raiders,Regina Pats,Prince Albert Raiders,Prince Albert Raiders
1021858,"Tue, Mar 4, 2025",Medicine Hat Tigers,Kelowna Rockets,Medicine Hat Tigers,Medicine Hat Tigers
1021860,"Tue, Mar 4, 2025",Red Deer Rebels,Brandon Wheat Kings,Red Deer Rebels,Red Deer Rebels
1021861,"Tue, Mar 4, 2025",Seattle Thunderbirds,Kamloops Blazers,Seattle Thunderbirds,Kamloops Blazers
1021865,"Wed, Mar 5, 2025",Saskatoon Blades,Swift Current Broncos,Swift Current Broncos,Swift Current Broncos
1021862,"Wed, Mar 5, 2025",Edmonton Oil Kings,Brandon Wheat Kings,Edmonton Oil Kings,Brandon Wheat Kings
1021863,"Wed, Mar 5, 2025",Lethbridge Hurricanes,Kelowna Rockets,Lethbridge Hurricanes,Lethbridge Hurricanes
1021866,"Wed, Mar 5, 2025",Wenatchee Wild,Prince George Cougars,Prince George Cougars,Prince George Cougars
1021864,"Wed, Mar 5, 2025",Portland Winterhawks,Kamloops Blazers,Portland Winterhawks,Portland Winterhawks
1021870,"Fri, Mar 7, 2025",Moose Jaw Warriors,Regina Pats,Regina Pats,Moose Jaw Warriors
1021872,"Fri, Mar 7, 2025",Prince Albert Raiders,Saskatoon Blades,Prince Albert Raiders,Saskatoon Blades
1021867,"Fri, Mar 7, 2025",Calgary Hitmen,Swift Current Broncos,Calgary Hitmen,Calgary Hitmen
1021868,"Fri, Mar 7, 2025",Edmonton Oil Kings,Kelowna Rockets,Edmonton Oil Kings,Edmonton Oil Kings
1021869,"Fri, Mar 7, 2025",Lethbridge Hurricanes,Brandon Wheat Kings,Lethbridge Hurricanes,Lethbridge Hurricanes
1021873,"Fri, Mar 7, 2025",Red Deer Rebels,Medicine Hat Tigers,Red Deer Rebels,Medicine Hat Tigers
1021871,"Fri, Mar 7, 2025",Portland Winterhawks,Seattle Thunderbirds,Portland Winterhawks,Seattle Thunderbirds
1021876,"Fri, Mar 7, 2025",Wenatchee Wild,Prince George Cougars,Prince George Cougars,Prince George Cougars
1021874,"Fri, Mar 7, 2025",Tri-City Americans,Everett Silvertips,Everett Silvertips,Everett Silvertips
1021875,"Fri, Mar 7, 2025",Victoria Royals,Spokane Chiefs,Spokane Chiefs,Spokane Chiefs
1021880,"Sat, Mar 8, 2025",Regina Pats,Moose Jaw Warriors,Moose Jaw Warriors,Moose Jaw Warriors
1021881,"Sat, Mar 8, 2025",Saskatoon Blades,Prince Albert Raiders,Prince Albert Raiders,Saskatoon Blades
1021878,"Sat, Mar 8, 2025",Kamloops Blazers,Vancouver Giants,Kamloops Blazers,Vancouver Giants
1021879,"Sat, Mar 8, 2025",Red Deer Rebels,Swift Current Broncos,Red Deer Rebels,Swift Current Broncos
1021877,"Sat, Mar 8, 2025",Everett Silvertips,Prince George Cougars,Everett Silvertips,Prince George Cougars
1021882,"Sat, Mar 8, 2025",Seattle Thunderbirds,Portland Winterhawks,Portland Winterhawks,Portland Winterhawks
1021883,"Sat, Mar 8, 2025",Tri-City Americans,Wenatchee Wild,Tri-City Americans,Wenatchee Wild
1021884,"Sat, Mar 8, 2025",Victoria Royals,Spokane Chiefs,Spokane Chiefs,Spokane Chiefs
1021885,"Sun, Mar 9, 2025",Calgary Hitmen,Brandon Wheat Kings,Calgary Hitmen,Calgary Hitmen
1021886,"Sun, Mar 9, 2025",Edmonton Oil Kings,Swift Current Broncos,Edmonton Oil Kings,Edmonton Oil Kings
1021887,"Sun, Mar 9, 2025",Portland Winterhawks,Everett Silvertips,Portland Winterhawks,Portland Winterhawks
1021888,"Sun, Mar 9, 2025",Vancouver Giants,Prince George Cougars,Prince George Cougars,Vancouver Giants
1021889,"Tue, Mar 11, 2025",Moose Jaw Warriors,Red Deer Rebels,Red Deer Rebels,Red Deer Rebels
1021890,"Tue, Mar 11, 2025",Regina Pats,Saskatoon Blades,Saskatoon Blades,Saskatoon Blades
1021891,"Tue, Mar 11, 2025",Tri-City Americans,Seattle Thunderbirds,Seattle Thunderbirds,Seattle Thunderbirds
1021893,"Wed, Mar 12, 2025",Edmonton Oil Kings,Calgary Hitmen,Calgary Hitmen,Calgary Hitmen
1021892,"Wed, Mar 12, 2025",Brandon Wheat Kings,Saskatoon Blades,Saskatoon Blades,Brandon Wheat Kings
1021895,"Wed, Mar 12, 2025",Lethbridge Hurricanes,Prince Albert Raiders,Lethbridge Hurricanes,Lethbridge Hurricanes
1021896,"Wed, Mar 12, 2025",Swift Current Broncos,Red Deer Rebels,Red Deer Rebels,Red Deer Rebels
1021894,"Wed, Mar 12, 2025",Kamloops Blazers,Wenatchee Wild,Wenatchee Wild,Wenatchee Wild
1021897,"Wed, Mar 12, 2025",Spokane Chiefs,Everett Silvertips,Everett Silvertips,Everett Silvertips
1021898,"Fri, Mar 14, 2025",Brandon Wheat Kings,Moose Jaw Warriors,Brandon Wheat Kings,Brandon Wheat Kings
1021901,"Fri, Mar 14, 2025",Lethbridge Hurricanes,Medicine Hat Tigers,Medicine Hat Tigers,Medicine Hat Tigers
1021903,"Fri, Mar 14, 2025",Red Deer Rebels,Prince Albert Raiders,Red Deer Rebels,Prince Albert Raiders
1021905,"Fri, Mar 14, 2025",Swift Current Broncos,Saskatoon Blades,Saskatoon Blades,Saskatoon Blades
1021902,"Fri, Mar 14, 2025",Prince George Cougars,Wenatchee Wild,Wenatchee Wild,Prince George Cougars
1021899,"Fri, Mar 14, 2025",Everett Silvertips,Portland Winterhawks,Everett Silvertips,Everett Silvertips
1021900,"Fri, Mar 14, 2025",Kelowna Rockets,Kamloops Blazers,Kamloops Blazers,Kamloops Blazers
1021904,"Fri, Mar 14, 2025",Seattle Thunderbirds,Tri-City Americans,Seattle Thunderbirds,Seattle Thunderbirds
1021906,"Fri, Mar 14, 2025",Victoria Royals,Vancouver Giants,Victoria Royals,Vancouver Giants
1021909,"Sat, Mar 15, 2025",Lethbridge Hurricanes,Calgary Hitmen,Calgary Hitmen,Calgary Hitmen
1021914,"Sat, Mar 15, 2025",Regina Pats,Swift Current Broncos,Swift Current Broncos,Swift Current Broncos
1021907,"Sat, Mar 15, 2025",Edmonton Oil Kings,Prince Albert Raiders,Edmonton Oil Kings,Prince Albert Raiders
1021908,"Sat, Mar 15, 2025",Kamloops Blazers,Kelowna Rockets,Kamloops Blazers,Kamloops Blazers
1021910,"Sat, Mar 15, 2025",Medicine Hat Tigers,Red Deer Rebels,Medicine Hat Tigers,Medicine Hat Tigers
1021911,"Sat, Mar 15, 2025",Moose Jaw Warriors,Brandon Wheat Kings,Moose Jaw Warriors,Brandon Wheat Kings
1021912,"Sat, Mar 15, 2025",Portland Winterhawks,Seattle Thunderbirds,Seattle Thunderbirds,Portland Winterhawks
1021913,"Sat, Mar 15, 2025",Prince George Cougars,Wenatchee Wild,Wenatchee Wild,Prince George Cougars
1021915,"Sat, Mar 15, 2025",Spokane Chiefs,Tri-City Americans,Spokane Chiefs,Spokane Chiefs
1021916,"Sat, Mar 15, 2025",Vancouver Giants,Victoria Royals,Vancouver Giants,Victoria Royals
1021917,"Sun, Mar 16, 2025",Calgary Hitmen,Edmonton Oil Kings,Calgary Hitmen,Edmonton Oil Kings
1021919,"Sun, Mar 16, 2025",Saskatoon Blades,Regina Pats,Saskatoon Blades,Saskatoon Blades
1021918,"Sun, Mar 16, 2025",Portland Winterhawks,Vancouver Giants,Portland Winterhawks,Portland Winterhawks
1021921,"Sun, Mar 16, 2025",Tri-City Americans,Seattle Thunderbirds,Seattle Thunderbirds,Seattle Thunderbirds
1021920,"Sun, Mar 16, 2025",Spokane Chiefs,Everett Silvertips,Spokane Chiefs,Everett Silvertips
1021923,"Tue, Mar 18, 2025",Prince Albert Raiders,Moose Jaw Warriors,Prince Albert Raiders,Prince Albert Raiders
1021924,"Tue, Mar 18, 2025",Regina Pats,Swift Current Broncos,Swift Current Broncos,Regina Pats
1021922,"Tue, Mar 18, 2025",Kamloops Blazers,Victoria Royals,Victoria Royals,Victoria Royals
1021925,"Wed, Mar 19, 2025",Brandon Wheat Kings,Saskatoon Blades,Saskatoon Blades,Saskatoon Blades
1021926,"Wed, Mar 19, 2025",Calgary Hitmen,Red Deer Rebels,Calgary Hitmen,Calgary Hitmen
1021927,"Wed, Mar 19, 2025",Kelowna Rockets,Victoria Royals,Victoria Royals,Victoria Royals
1021928,"Fri, Mar 21, 2025",Brandon Wheat Kings,Regina Pats,Brandon Wheat Kings,Brandon Wheat Kings
1021931,"Fri, Mar 21, 2025",Lethbridge Hurricanes,Edmonton Oil Kings,Lethbridge Hurricanes,Lethbridge Hurricanes
1021932,"Fri, Mar 21, 2025",Swift Current Broncos,Moose Jaw Warriors,Swift Current Broncos,Swift Current Broncos
1021935,"Fri, Mar 21, 2025",Saskatoon Blades,Prince Albert Raiders,Saskatoon Blades,Prince Albert Raiders
1021930,"Fri, Mar 21, 2025",Kamloops Blazers,Vancouver Giants,Kamloops Blazers,Vancouver Giants
1021933,"Fri, Mar 21, 2025",Portland Winterhawks,Tri-City Americans,Portland Winterhawks,Tri-City Americans
1021934,"Fri, Mar 21, 2025",Prince George Cougars,Victoria Royals,Victoria Royals,Victoria Royals
1021929,"Fri, Mar 21, 2025",Everett Silvertips,Wenatchee Wild,Everett Silvertips,Everett Silvertips
1021936,"Fri, Mar 21, 2025",Spokane Chiefs,Seattle Thunderbirds,Spokane Chiefs,Seattle Thunderbirds
1021942,"Sat, Mar 22, 2025",Regina Pats,Brandon Wheat Kings,Brandon Wheat Kings,Brandon Wheat Kings
1021938,"Sat, Mar 22, 2025",Medicine Hat Tigers,Lethbridge Hurricanes,Medicine Hat Tigers,Medicine Hat Tigers
1021939,"Sat, Mar 22, 2025",Prince Albert Raiders,Saskatoon Blades,Saskatoon Blades,Prince Albert Raiders
1021940,"Sat, Mar 22, 2025",Prince George Cougars,Victoria Royals,Victoria Royals,Prince George Cougars
1021941,"Sat, Mar 22, 2025",Red Deer Rebels,Calgary Hitmen,Calgary Hitmen,Calgary Hitmen
1021944,"Sat, Mar 22, 2025",Moose Jaw Warriors,Swift Current Broncos,Swift Current Broncos,Moose Jaw Warriors
1021946,"Sat, Mar 22, 2025",Wenatchee Wild,Everett Silvertips,Everett Silvertips,Everett Silvertips
1021937,"Sat, Mar 22, 2025",Kelowna Rockets,Kamloops Blazers,Kamloops Blazers,Kelowna Rockets
1021943,"Sat, Mar 22, 2025",Seattle Thunderbirds,Portland Winterhawks,Seattle Thunderbirds,Seattle Thunderbirds
1021945,"Sat, Mar 22, 2025",Tri-City Americans,Spokane Chiefs,Spokane Chiefs,Spokane Chiefs
1021948,"Sun, Mar 23, 2025",Edmonton Oil Kings,Red Deer Rebels,Edmonton Oil Kings,Edmonton Oil Kings
1021947,"Sun, Mar 23, 2025",Calgary Hitmen,Medicine Hat Tigers,Medicine Hat Tigers,Medicine Hat Tigers
1021949,"Sun, Mar 23, 2025",Vancouver Giants,Kelowna Rockets,Vancouver Giants,Vancouver Giants
1021891,"Sun, Mar 23, 2025",Tri-City Americans,Seattle Thunderbirds,Seattle Thunderbirds,Seattle Thunderbirds
1021963,"Fri, Mar 28, 2025",Calgary Hitmen,Saskatoon Blades,Saskatoon Blades,Calgary Hitmen
1021965,"Fri, Mar 28, 2025",Lethbridge Hurricanes,Brandon Wheat Kings,Brandon Wheat Kings,Lethbridge Hurricanes
1021990,"Fri, Mar 28, 2025",Prince Albert Raiders,Edmonton Oil Kings,Prince Albert Raiders,Edmonton Oil Kings
1022005,"Fri, Mar 28, 2025",Medicine Hat Tigers,Swift Current Broncos,Medicine Hat Tigers,Medicine Hat Tigers
1021976,"Fri, Mar 28, 2025",Prince George Cougars,Portland Winterhawks,Portland Winterhawks,Prince George Cougars
1021997,"Fri, Mar 28, 2025",Vancouver Giants,Spokane Chiefs,Spokane Chiefs,Spokane Chiefs
1021961,"Fri, Mar 28, 2025",Everett Silvertips,Seattle Thunderbirds,Seattle Thunderbirds,Seattle Thunderbirds
1021974,"Fri, Mar 28, 2025",Victoria Royals,Tri-City Americans,Victoria Royals,Victoria Royals
1021966,"Sat, Mar 29, 2025",Lethbridge Hurricanes,Brandon Wheat Kings,Lethbridge Hurricanes,Lethbridge Hurricanes
1021977,"Sat, Mar 29, 2025",Prince George Cougars,Portland Winterhawks,Portland Winterhawks,Portland Winterhawks
1021991,"Sat, Mar 29, 2025",Prince Albert Raiders,Edmonton Oil Kings,Edmonton Oil Kings,Prince Albert Raiders
1022006,"Sat, Mar 29, 2025",Medicine Hat Tigers,Swift Current Broncos,Medicine Hat Tigers,Medicine Hat Tigers
1021962,"Sat, Mar 29, 2025",Everett Silvertips,Seattle Thunderbirds,Seattle Thunderbirds,Everett Silvertips
1021975,"Sat, Mar 29, 2025",Victoria Royals,Tri-City Americans,Victoria Royals,Victoria Royals
1021964,"Sun, Mar 30, 2025",Calgary Hitmen,Saskatoon Blades,Calgary Hitmen,Calgary Hitmen
1021998,"Sun, Mar 30, 2025",Vancouver Giants,Spokane Chiefs,Spokane Chiefs,Spokane Chiefs
1022002,"Tue, Apr 1, 2025",Brandon Wheat Kings,Lethbridge Hurricanes,Lethbridge Hurricanes,Lethbridge Hurricanes
1021992,"Tue, Apr 1, 2025",Edmonton Oil Kings,Prince Albert Raiders,Edmonton Oil Kings,Edmonton Oil Kings
1022007,"Tue, Apr 1, 2025",Swift Current Broncos,Medicine Hat Tigers,Medicine Hat Tigers,Swift Current Broncos
1022012,"Tue, Apr 1, 2025",Saskatoon Blades,Calgary Hitmen,Calgary Hitmen,Calgary Hitmen
1021980,"Tue, Apr 1, 2025",Portland Winterhawks,Prince George Cougars,Prince George Cougars,Portland Winterhawks
1021969,"Tue, Apr 1, 2025",Seattle Thunderbirds,Everett Silvertips,Seattle Thunderbirds,Seattle Thunderbirds
1021985,"Tue, Apr 1, 2025",Tri-City Americans,Victoria Royals,Victoria Royals,Victoria Royals
1022003,"Wed, Apr 2, 2025",Brandon Wheat Kings,Lethbridge Hurricanes,Lethbridge Hurricanes,Brandon Wheat Kings
1021993,"Wed, Apr 2, 2025",Edmonton Oil Kings,Prince Albert Raiders,Edmonton Oil Kings,Edmonton Oil Kings
1022008,"Wed, Apr 2, 2025",Swift Current Broncos,Medicine Hat Tigers,Medicine Hat Tigers,Medicine Hat Tigers
1022013,"Wed, Apr 2, 2025",Saskatoon Blades,Calgary Hitmen,Calgary Hitmen,Calgary Hitmen
1021981,"Wed, Apr 2, 2025",Portland Winterhawks,Prince George Cougars,Prince George Cougars,Portland Winterhawks
1021978,"Wed, Apr 2, 2025",Spokane Chiefs,Vancouver Giants,Spokane Chiefs,Vancouver Giants
1021986,"Wed, Apr 2, 2025",Tri-City Americans,Victoria Royals,Victoria Royals,Tri-City Americans
1021979,"Thu, Apr 3, 2025",Spokane Chiefs,Vancouver Giants,Spokane Chiefs,Spokane Chiefs
1021967,"Fri, Apr 4, 2025",Lethbridge Hurricanes,Brandon Wheat Kings,Lethbridge Hurricanes,Lethbridge Hurricanes
1021994,"Fri, Apr 4, 2025",Prince Albert Raiders,Edmonton Oil Kings,Edmonton Oil Kings,Prince Albert Raiders
1022009,"Fri, Apr 4, 2025",Medicine Hat Tigers,Swift Current Broncos,Medicine Hat Tigers,Medicine Hat Tigers
1021982,"Fri, Apr 4, 2025",Portland Winterhawks,Prince George Cougars,Prince George Cougars,Prince George Cougars
1021970,"Fri, Apr 4, 2025",Seattle Thunderbirds,Everett Silvertips,Everett Silvertips,Everett Silvertips
1021987,"Fri, Apr 4, 2025",Tri-City Americans,Victoria Royals,Victoria Royals,Victoria Royals
1021971,"Sat, Apr 5, 2025",Everett Silvertips,Seattle Thunderbirds,Seattle Thunderbirds,Everett Silvertips
1021999,"Sat, Apr 5, 2025",Spokane Chiefs,Vancouver Giants,Spokane Chiefs,Spokane Chiefs
1021995,"Sun, Apr 6, 2025",Edmonton Oil Kings,Prince Albert Raiders,Prince Albert Raiders,Prince Albert Raiders
1021983,"Sun, Apr 6, 2025",Prince George Cougars,Portland Winterhawks,Prince George Cougars,Prince George Cougars
1021984,"Mon, Apr 7, 2025",Prince George Cougars,Portland Winterhawks,Prince George Cougars,Portland Winterhawks
1021972,"Mon, Apr 7, 2025",Seattle Thunderbirds,Everett Silvertips,Everett Silvertips,Everett Silvertips
1021996,"Tue, Apr 8, 2025",Prince Albert Raiders,Edmonton Oil Kings,Prince Albert Raiders,Prince Albert Raiders
1022017,"Thu, Apr 10, 2025",Calgary Hitmen,Lethbridge Hurricanes,Calgary Hitmen,Lethbridge Hurricanes
1022030,"Fri, Apr 11, 2025",Everett Silvertips,Portland Winterhawks,Everett Silvertips,Everett Silvertips
1022018,"Sat, Apr 12, 2025",Calgary Hitmen,Lethbridge Hurricanes,Calgary Hitmen,Lethbridge Hurricanes
1022037,"Sat, Apr 12, 2025",Medicine Hat Tigers,Prince Albert Raiders,Medicine Hat Tigers,Medicine Hat Tigers
1022031,"Sat, Apr 12, 2025",Everett Silvertips,Portland Winterhawks,Everett Silvertips,Everett Silvertips
1022038,"Sun, Apr 13, 2025",Medicine Hat Tigers,Prince Albert Raiders,Medicine Hat Tigers,Medicine Hat Tigers
1022023,"Sun, Apr 13, 2025",Spokane Chiefs,Victoria Royals,Victoria Royals,Spokane Chiefs
1022024,"Mon, Apr 14, 2025",Spokane Chiefs,Victoria Royals,Victoria Royals,Victoria Royals
1022019,"Tue, Apr 15, 2025",Lethbridge Hurricanes,Calgary Hitmen,Calgary Hitmen,Calgary Hitmen
1022032,"Tue, Apr 15, 2025",Portland Winterhawks,Everett Silvertips,Everett Silvertips,Portland Winterhawks
1022020,"Wed, Apr 16, 2025",Lethbridge Hurricanes,Calgary Hitmen,Calgary Hitmen,Calgary Hitmen
1022039,"Wed, Apr 16, 2025",Prince Albert Raiders,Medicine Hat Tigers,Medicine Hat Tigers,Medicine Hat Tigers
1022033,"Wed, Apr 16, 2025",Portland Winterhawks,Everett Silvertips,Everett Silvertips,Portland Winterhawks
1022025,"Wed, Apr 16, 2025",Victoria Royals,Spokane Chiefs,Victoria Royals,Victoria Royals
1022040,"Thu, Apr 17, 2025",Prince Albert Raiders,Medicine Hat Tigers,Medicine Hat Tigers,Medicine Hat Tigers
1022021,"Fri, Apr 18, 2025",Calgary Hitmen,Lethbridge Hurricanes,Calgary Hitmen,Calgary Hitmen
1022026,"Fri, Apr 18, 2025",Victoria Royals,Spokane Chiefs,Victoria Royals,Spokane Chiefs
1022034,"Fri, Apr 18, 2025",Everett Silvertips,Portland Winterhawks,Portland Winterhawks,Portland Winterhawks
1022022,"Sat, Apr 19, 2025",Lethbridge Hurricanes,Calgary Hitmen,Lethbridge Hurricanes,Lethbridge Hurricanes
1022035,"Sat, Apr 19, 2025",Portland Winterhawks,Everett Silvertips,Everett Silvertips,Everett Silvertips
1022027,"Sat, Apr 19, 2025",Victoria Royals,Spokane Chiefs,Victoria Royals,Spokane Chiefs
1022028,"Tue, Apr 22, 2025",Spokane Chiefs,Victoria Royals,Spokane Chiefs,Spokane Chiefs
1022036,"Tue, Apr 22, 2025",Everett Silvertips,Portland Winterhawks,Everett Silvertips,Portland Winterhawks
1022044,"Wed, Apr 23, 2025",Calgary Hitmen,Lethbridge Hurricanes,Lethbridge Hurricanes,Lethbridge Hurricanes
1022052,"Fri, Apr 25, 2025",Medicine Hat Tigers,Lethbridge Hurricanes,Medicine Hat Tigers,Medicine Hat Tigers
1022045,"Fri, Apr 25, 2025",Spokane Chiefs,Portland Winterhawks,Spokane Chiefs,Spokane Chiefs
1022053,"Sat, Apr 26, 2025",Medicine Hat Tigers,Lethbridge Hurricanes,Medicine Hat Tigers,Medicine Hat Tigers
1022046,"Sun, Apr 27, 2025",Spokane Chiefs,Portland Winterhawks,Spokane Chiefs,Spokane Chiefs
1022054,"Tue, Apr 29, 2025",Lethbridge Hurricanes,Medicine Hat Tigers,Medicine Hat Tigers,Medicine Hat Tigers
1022055,"Wed, Apr 30, 2025",Lethbridge Hurricanes,Medicine Hat Tigers,Medicine Hat Tigers,Medicine Hat Tigers
1022047,"Wed, Apr 30, 2025",Portland Winterhawks,Spokane Chiefs,Spokane Chiefs,Spokane Chiefs
1022048,"Thu, May 1, 2025",Portland Winterhawks,Spokane Chiefs,Spokane Chiefs,Spokane Chiefs
1022060,"Fri, May 9, 2025",Medicine Hat Tigers,Spokane Chiefs,Spokane Chiefs,Medicine Hat Tigers
1022061,"Sun, May 11, 2025",Medicine Hat Tigers,Spokane Chiefs,Spokane Chiefs,Spokane Chiefs
1022062,"Tue, May 13, 2025",Spokane Chiefs,Medicine Hat Tigers,Spokane Chiefs,Medicine Hat Tigers
1022063,"Wed, May 14, 2025",Spokane Chiefs,Medicine Hat Tigers,Medicine Hat Tigers,Medicine Hat Tigers
1022064,"Fri, May 16, 2025",Spokane Chiefs,Medicine Hat Tigers,Medicine Hat Tigers,Medicine Hat Tigers
1022067,"Sun, Aug 31, 2025",Wenatchee Wild,Tri-City Americans,Wenatchee Wild,Wenatchee Wild
1022069,"Tue, Sep 2, 2025",Saskatoon Blades,Prince Albert Raiders,Prince Albert Raiders,Saskatoon Blades
1022068,"Tue, Sep 2, 2025",Lethbridge Hurricanes,Medicine Hat Tigers,Medicine Hat Tigers,Medicine Hat Tigers
1022070,"Tue, Sep 2, 2025",Seattle Thunderbirds,Everett Silvertips,Everett Silvertips,Everett Silvertips
1022074,"Wed, Sep 3, 2025",Prince Albert Raiders,Saskatoon Blades,Saskatoon Blades,Saskatoon Blades
1022071,"Wed, Sep 3, 2025",Lethbridge Hurricanes,Calgary Hitmen,Calgary Hitmen,Calgary Hitmen
1022075,"Wed, Sep 3, 2025",Swift Current Broncos,Regina Pats,Swift Current Broncos,Swift Current Broncos
1022072,"Wed, Sep 3, 2025",Kamloops Blazers,Vancouver Giants,Vancouver Giants,Vancouver Giants
1022073,"Wed, Sep 3, 2025",Kelowna Rockets,Penticton Vees,Penticton Vees,Kelowna Rockets
1022125,"Thu, Sep 4, 2025",Penticton Vees,Vancouver Giants,Vancouver Giants,Vancouver Giants
1022082,"Fri, Sep 5, 2025",Seattle Thunderbirds,Spokane Chiefs,Spokane Chiefs,Spokane Chiefs
1022080,"Fri, Sep 5, 2025",Prince Albert Raiders,Saskatoon Blades,Saskatoon Blades,Prince Albert Raiders
1022076,"Fri, Sep 5, 2025",Calgary Hitmen,Red Deer Rebels,Calgary Hitmen,Calgary Hitmen
1022077,"Fri, Sep 5, 2025",Edmonton Oil Kings,Prince George Cougars,Prince George Cougars,Edmonton Oil Kings
1022078,"Fri, Sep 5, 2025",Everett Silvertips,Tri-City Americans,Everett Silvertips,Tri-City Americans
1022081,"Fri, Sep 5, 2025",Regina Pats,Brandon Wheat Kings,Brandon Wheat Kings,Regina Pats
1022083,"Fri, Sep 5, 2025",Swift Current Broncos,Moose Jaw Warriors,Moose Jaw Warriors,Moose Jaw Warriors
1022079,"Fri, Sep 5, 2025",Kamloops Blazers,Kelowna Rockets,Kamloops Blazers,Kamloops Blazers
1022092,"Sat, Sep 6, 2025",Spokane Chiefs,Portland Winterhawks,Spokane Chiefs,Spokane Chiefs
1022085,"Sat, Sep 6, 2025",Brandon Wheat Kings,Regina Pats,Brandon Wheat Kings,Brandon Wheat Kings
1022089,"Sat, Sep 6, 2025",Moose Jaw Warriors,Swift Current Broncos,Moose Jaw Warriors,Moose Jaw Warriors
1022090,"Sat, Sep 6, 2025",Red Deer Rebels,Calgary Hitmen,Calgary Hitmen,Calgary Hitmen
1022086,"Sat, Sep 6, 2025",Everett Silvertips,Seattle Thunderbirds,Everett Silvertips,Seattle Thunderbirds
1022088,"Sat, Sep 6, 2025",Medicine Hat Tigers,Lethbridge Hurricanes,Medicine Hat Tigers,Medicine Hat Tigers
1022091,"Sat, Sep 6, 2025",Saskatoon Blades,Prince Albert Raiders,Prince Albert Raiders,Saskatoon Blades
1022094,"Sat, Sep 6, 2025",Wenatchee Wild,Tri-City Americans,Wenatchee Wild,Tri-City Americans
1022087,"Sat, Sep 6, 2025",Kelowna Rockets,Kamloops Blazers,Kamloops Blazers,Kelowna Rockets
1022097,"Sun, Sep 7, 2025",Prince George Cougars,Edmonton Oil Kings,Prince George Cougars,Edmonton Oil Kings
1022096,"Sun, Sep 7, 2025",Portland Winterhawks,Seattle Thunderbirds,Seattle Thunderbirds,Portland Winterhawks
1022095,"Sun, Sep 7, 2025",Everett Silvertips,Wenatchee Wild,Everett Silvertips,Wenatchee Wild
1022099,"Tue, Sep 9, 2025",Regina Pats,Moose Jaw Warriors,Moose Jaw Warriors,Regina Pats
1022098,"Tue, Sep 9, 2025",Penticton Vees,Tri-City Americans,Penticton Vees,Penticton Vees
1022100,"Tue, Sep 9, 2025",Vancouver Giants,Victoria Royals,Victoria Royals,Vancouver Giants
1022101,"Wed, Sep 10, 2025",Vancouver Giants,Victoria Royals,Victoria Royals,Vancouver Giants
1022102,"Thu, Sep 11, 2025",Spokane Chiefs,Portland Winterhawks,Spokane Chiefs,Spokane Chiefs
1022109,"Thu, Sep 11, 2025",Regina Pats,Prince Albert Raiders,Prince Albert Raiders,Prince Albert Raiders
1022111,"Fri, Sep 12, 2025",Seattle Thunderbirds,Spokane Chiefs,Spokane Chiefs,Spokane Chiefs
1022103,"Fri, Sep 12, 2025",Brandon Wheat Kings,Swift Current Broncos,Brandon Wheat Kings,Brandon Wheat Kings
1022104,"Fri, Sep 12, 2025",Calgary Hitmen,Edmonton Oil Kings,Edmonton Oil Kings,Edmonton Oil Kings
1022107,"Fri, Sep 12, 2025",Moose Jaw Warriors,Saskatoon Blades,Moose Jaw Warriors,Saskatoon Blades
1022108,"Fri, Sep 12, 2025",Red Deer Rebels,Lethbridge Hurricanes,Lethbridge Hurricanes,Red Deer Rebels
1022105,"Fri, Sep 12, 2025",Kamloops Blazers,Prince George Cougars,Prince George Cougars,Kamloops Blazers
1022106,"Fri, Sep 12, 2025",Kelowna Rockets,Medicine Hat Tigers,Medicine Hat Tigers,Medicine Hat Tigers
1022110,"Fri, Sep 12, 2025",Portland Winterhawks,Penticton Vees,Portland Winterhawks,Penticton Vees
1022112,"Fri, Sep 12, 2025",Victoria Royals,Everett Silvertips,Victoria Royals,Everett Silvertips
1022119,"Sat, Sep 13, 2025",Seattle Thunderbirds,Penticton Vees,Seattle Thunderbirds,Penticton Vees
1022115,"Sat, Sep 13, 2025",Portland Winterhawks,Wenatchee Wild,Portland Winterhawks,Wenatchee Wild
1022122,"Sat, Sep 13, 2025",Victoria Royals,Everett Silvertips,Everett Silvertips,Victoria Royals
1022113,"Sat, Sep 13, 2025",Lethbridge Hurricanes,Calgary Hitmen,Calgary Hitmen,Lethbridge Hurricanes
1022116,"Sat, Sep 13, 2025",Prince Albert Raiders,Regina Pats,Prince Albert Raiders,Prince Albert Raiders
1022117,"Sat, Sep 13, 2025",Prince George Cougars,Kamloops Blazers,Kamloops Blazers,Kamloops Blazers
1022120,"Sat, Sep 13, 2025",Swift Current Broncos,Brandon Wheat Kings,Brandon Wheat Kings,Brandon Wheat Kings
1022118,"Sat, Sep 13, 2025",Saskatoon Blades,Moose Jaw Warriors,Moose Jaw Warriors,Moose Jaw Warriors
1022121,"Sat, Sep 13, 2025",Tri-City Americans,Spokane Chiefs,Spokane Chiefs,Tri-City Americans
1022114,"Sat, Sep 13, 2025",Medicine Hat Tigers,Kelowna Rockets,Medicine Hat Tigers,Medicine Hat Tigers
1022123,"Sun, Sep 14, 2025",Edmonton Oil Kings,Red Deer Rebels,Edmonton Oil Kings,Red Deer Rebels
1022124,"Sun, Sep 14, 2025",Tri-City Americans,Wenatchee Wild,Wenatchee Wild,Wenatchee Wild
1022126,"Fri, Sep 19, 2025",Brandon Wheat Kings,Moose Jaw Warriors,Brandon Wheat Kings,Moose Jaw Warriors
1022128,"Fri, Sep 19, 2025",Lethbridge Hurricanes,Calgary Hitmen,Calgary Hitmen,Calgary Hitmen
1022129,"Fri, Sep 19, 2025",Prince Albert Raiders,Saskatoon Blades,Prince Albert Raiders,Prince Albert Raiders
1022131,"Fri, Sep 19, 2025",Red Deer Rebels,Edmonton Oil Kings,Edmonton Oil Kings,Edmonton Oil Kings
1022132,"Fri, Sep 19, 2025",Swift Current Broncos,Regina Pats,Regina Pats,Swift Current Broncos
1022130,"Fri, Sep 19, 2025",Prince George Cougars,Portland Winterhawks,Portland Winterhawks,Prince George Cougars
1022127,"Fri, Sep 19, 2025",Kelowna Rockets,Spokane Chiefs,Spokane Chiefs,Spokane Chiefs
1022133,"Fri, Sep 19, 2025",Victoria Royals,Penticton Vees,Victoria Royals,Victoria Royals
1022135,"Sat, Sep 20, 2025",Edmonton Oil Kings,Red Deer Rebels,Edmonton Oil Kings,Edmonton Oil Kings
1022139,"Sat, Sep 20, 2025",Moose Jaw Warriors,Brandon Wheat Kings,Brandon Wheat Kings,Moose Jaw Warriors
1022134,"Sat, Sep 20, 2025",Calgary Hitmen,Lethbridge Hurricanes,Calgary Hitmen,Lethbridge Hurricanes
1022137,"Sat, Sep 20, 2025",Kamloops Blazers,Spokane Chiefs,Spokane Chiefs,Kamloops Blazers
1022138,"Sat, Sep 20, 2025",Medicine Hat Tigers,Regina Pats,Medicine Hat Tigers,Medicine Hat Tigers
1022140,"Sat, Sep 20, 2025",Prince George Cougars,Portland Winterhawks,Portland Winterhawks,Prince George Cougars
1022141,"Sat, Sep 20, 2025",Saskatoon Blades,Prince Albert Raiders,Prince Albert Raiders,Saskatoon Blades
1022136,"Sat, Sep 20, 2025",Everett Silvertips,Wenatchee Wild,Everett Silvertips,Everett Silvertips
1022142,"Sat, Sep 20, 2025",Seattle Thunderbirds,Tri-City Americans,Seattle Thunderbirds,Seattle Thunderbirds
1022143,"Sat, Sep 20, 2025",Vancouver Giants,Penticton Vees,Vancouver Giants,Penticton Vees
1022145,"Fri, Sep 26, 2025",Lethbridge Hurricanes,Saskatoon Blades,Lethbridge Hurricanes,Saskatoon Blades
1022147,"Fri, Sep 26, 2025",Regina Pats,Prince Albert Raiders,Prince Albert Raiders,Prince Albert Raiders
1022148,"Fri, Sep 26, 2025",Swift Current Broncos,Medicine Hat Tigers,Medicine Hat Tigers,Swift Current Broncos
1022144,"Fri, Sep 26, 2025",Kamloops Blazers,Seattle Thunderbirds,Seattle Thunderbirds,Kamloops Blazers
1022149,"Fri, Sep 26, 2025",Vancouver Giants,Victoria Royals,Victoria Royals,Vancouver Giants
1022146,"Fri, Sep 26, 2025",Penticton Vees,Kelowna Rockets,Kelowna Rockets,Kelowna Rockets
1022150,"Sat, Sep 27, 2025",Brandon Wheat Kings,Prince Albert Raiders,Prince Albert Raiders,Prince Albert Raiders
1022151,"Sat, Sep 27, 2025",Calgary Hitmen,Edmonton Oil Kings,Edmonton Oil Kings,Calgary Hitmen
1022155,"Sat, Sep 27, 2025",Moose Jaw Warriors,Swift Current Broncos,Swift Current Broncos,Moose Jaw Warriors
1022156,"Sat, Sep 27, 2025",Red Deer Rebels,Lethbridge Hurricanes,Lethbridge Hurricanes,Red Deer Rebels
1022152,"Sat, Sep 27, 2025",Kamloops Blazers,Seattle Thunderbirds,Seattle Thunderbirds,Kamloops Blazers
1022154,"Sat, Sep 27, 2025",Medicine Hat Tigers,Saskatoon Blades,Medicine Hat Tigers,Medicine Hat Tigers
1022159,"Sat, Sep 27, 2025",Wenatchee Wild,Everett Silvertips,Everett Silvertips,Everett Silvertips
1022153,"Sat, Sep 27, 2025",Kelowna Rockets,Penticton Vees,Kelowna Rockets,Kelowna Rockets
1022157,"Sat, Sep 27, 2025",Spokane Chiefs,Tri-City Americans,Spokane Chiefs,Spokane Chiefs
1022158,"Sat, Sep 27, 2025",Victoria Royals,Vancouver Giants,Vancouver Giants,Victoria Royals
1022160,"Sun, Sep 28, 2025",Everett Silvertips,Portland Winterhawks,Everett Silvertips,Portland Winterhawks
1022161,"Wed, Oct 1, 2025",Regina Pats,Edmonton Oil Kings,Edmonton Oil Kings,Edmonton Oil Kings
1022163,"Fri, Oct 3, 2025",Lethbridge Hurricanes,Medicine Hat Tigers,Medicine Hat Tigers,Medicine Hat Tigers
1022164,"Fri, Oct 3, 2025",Moose Jaw Warriors,Edmonton Oil Kings,Moose Jaw Warriors,Edmonton Oil Kings
1022166,"Fri, Oct 3, 2025",Saskatoon Blades,Red Deer Rebels,Saskatoon Blades,Saskatoon Blades
1022169,"Fri, Oct 3, 2025",Swift Current Broncos,Vancouver Giants,Vancouver Giants,Swift Current Broncos
1022170,"Fri, Oct 3, 2025",Wenatchee Wild,Victoria Royals,Victoria Royals,Victoria Royals
1022162,"Fri, Oct 3, 2025",Everett Silvertips,Tri-City Americans,Everett Silvertips,Everett Silvertips
1022165,"Fri, Oct 3, 2025",Penticton Vees,Portland Winterhawks,Portland Winterhawks,Penticton Vees
1022167,"Fri, Oct 3, 2025",Seattle Thunderbirds,Kamloops Blazers,Kamloops Blazers,Seattle Thunderbirds
1022168,"Fri, Oct 3, 2025",Spokane Chiefs,Prince George Cougars,Spokane Chiefs,Prince George Cougars
1022171,"Sat, Oct 4, 2025",Brandon Wheat Kings,Edmonton Oil Kings,Brandon Wheat Kings,Edmonton Oil Kings
1022175,"Sat, Oct 4, 2025",Moose Jaw Warriors,Vancouver Giants,Vancouver Giants,Vancouver Giants
1022173,"Sat, Oct 4, 2025",Kamloops Blazers,Portland Winterhawks,Kamloops Blazers,Portland Winterhawks
1022174,"Sat, Oct 4, 2025",Medicine Hat Tigers,Calgary Hitmen,Medicine Hat Tigers,Medicine Hat Tigers
1022177,"Sat, Oct 4, 2025",Prince Albert Raiders,Red Deer Rebels,Prince Albert Raiders,Prince Albert Raiders
1022179,"Sat, Oct 4, 2025",Swift Current Broncos,Regina Pats,Regina Pats,Regina Pats
1022172,"Sat, Oct 4, 2025",Everett Silvertips,Victoria Royals,Victoria Royals,Everett Silvertips
1022176,"Sat, Oct 4, 2025",Penticton Vees,Seattle Thunderbirds,Seattle Thunderbirds,Penticton Vees
1022178,"Sat, Oct 4, 2025",Spokane Chiefs,Prince George Cougars,Spokane Chiefs,Prince George Cougars
1022180,"Sat, Oct 4, 2025",Tri-City Americans,Wenatchee Wild,Wenatchee Wild,Tri-City Americans
1022181,"Sun, Oct 5, 2025",Brandon Wheat Kings,Saskatoon Blades,Brandon Wheat Kings,Saskatoon Blades
1022182,"Sun, Oct 5, 2025",Calgary Hitmen,Lethbridge Hurricanes,Calgary Hitmen,Calgary Hitmen
1022184,"Sun, Oct 5, 2025",Wenatchee Wild,Penticton Vees,Penticton Vees,Penticton Vees
1022183,"Sun, Oct 5, 2025",Tri-City Americans,Everett Silvertips,Everett Silvertips,Everett Silvertips
1022185,"Tue, Oct 7, 2025",Moose Jaw Warriors,Swift Current Broncos,Swift Current Broncos,Swift Current Broncos
1022186,"Tue, Oct 7, 2025",Red Deer Rebels,Lethbridge Hurricanes,Lethbridge Hurricanes,Lethbridge Hurricanes
1022187,"Tue, Oct 7, 2025",Saskatoon Blades,Vancouver Giants,Vancouver Giants,Saskatoon Blades
1022188,"Wed, Oct 8, 2025",Medicine Hat Tigers,Edmonton Oil Kings,Medicine Hat Tigers,Medicine Hat Tigers
1022189,"Wed, Oct 8, 2025",Prince Albert Raiders,Vancouver Giants,Prince Albert Raiders,Prince Albert Raiders
1022190,"Wed, Oct 8, 2025",Prince George Cougars,Kelowna Rockets,Kelowna Rockets,Kelowna Rockets
1022191,"Fri, Oct 10, 2025",Brandon Wheat Kings,Vancouver Giants,Brandon Wheat Kings,Brandon Wheat Kings
1022192,"Fri, Oct 10, 2025",Calgary Hitmen,Medicine Hat Tigers,Medicine Hat Tigers,Calgary Hitmen
1022194,"Fri, Oct 10, 2025",Lethbridge Hurricanes,Portland Winterhawks,Lethbridge Hurricanes,Portland Winterhawks
1022195,"Fri, Oct 10, 2025",Prince Albert Raiders,Kamloops Blazers,Prince Albert Raiders,Prince Albert Raiders
1022196,"Fri, Oct 10, 2025",Red Deer Rebels,Moose Jaw Warriors,Moose Jaw Warriors,Moose Jaw Warriors
1022198,"Fri, Oct 10, 2025",Swift Current Broncos,Saskatoon Blades,Saskatoon Blades,Saskatoon Blades
1022193,"Fri, Oct 10, 2025",Kelowna Rockets,Seattle Thunderbirds,Seattle Thunderbirds,Seattle Thunderbirds
1022197,"Fri, Oct 10, 2025",Spokane Chiefs,Wenatchee Wild,Spokane Chiefs,Spokane Chiefs
1022199,"Fri, Oct 10, 2025",Victoria Royals,Everett Silvertips,Everett Silvertips,Everett Silvertips
1022200,"Sat, Oct 11, 2025",Edmonton Oil Kings,Moose Jaw Warriors,Moose Jaw Warriors,Edmonton Oil Kings
1022208,"Sat, Oct 11, 2025",Victoria Royals,Everett Silvertips,Everett Silvertips,Everett Silvertips
1022201,"Sat, Oct 11, 2025",Lethbridge Hurricanes,Red Deer Rebels,Lethbridge Hurricanes,Red Deer Rebels
1022205,"Sat, Oct 11, 2025",Regina Pats,Vancouver Giants,Regina Pats,Vancouver Giants
1022202,"Sat, Oct 11, 2025",Medicine Hat Tigers,Portland Winterhawks,Medicine Hat Tigers,Medicine Hat Tigers
1022204,"Sat, Oct 11, 2025",Prince George Cougars,Tri-City Americans,Prince George Cougars,Prince George Cougars
1022206,"Sat, Oct 11, 2025",Saskatoon Blades,Kamloops Blazers,Saskatoon Blades,Saskatoon Blades
1022203,"Sat, Oct 11, 2025",Penticton Vees,Kelowna Rockets,Penticton Vees,Penticton Vees
1022207,"Sat, Oct 11, 2025",Seattle Thunderbirds,Spokane Chiefs,Spokane Chiefs,Spokane Chiefs
1022209,"Sun, Oct 12, 2025",Brandon Wheat Kings,Swift Current Broncos,Brandon Wheat Kings,Swift Current Broncos
1022210,"Sun, Oct 12, 2025",Prince George Cougars,Tri-City Americans,Prince George Cougars,Tri-City Americans
1022211,"Sun, Oct 12, 2025",Wenatchee Wild,Seattle Thunderbirds,Seattle Thunderbirds,Wenatchee Wild
1022213,"Mon, Oct 13, 2025",Edmonton Oil Kings,Lethbridge Hurricanes,Edmonton Oil Kings,Edmonton Oil Kings
1022212,"Mon, Oct 13, 2025",Calgary Hitmen,Portland Winterhawks,Calgary Hitmen,Portland Winterhawks
1022215,"Mon, Oct 13, 2025",Regina Pats,Kamloops Blazers,Kamloops Blazers,Kamloops Blazers
1022214,"Mon, Oct 13, 2025",Penticton Vees,Victoria Royals,Victoria Royals,Victoria Royals
1022216,"Tue, Oct 14, 2025",Medicine Hat Tigers,Spokane Chiefs,Medicine Hat Tigers,Medicine Hat Tigers
1022217,"Wed, Oct 15, 2025",Edmonton Oil Kings,Portland Winterhawks,Edmonton Oil Kings,Edmonton Oil Kings
1022219,"Wed, Oct 15, 2025",Lethbridge Hurricanes,Spokane Chiefs,Spokane Chiefs,Spokane Chiefs
1022220,"Wed, Oct 15, 2025",Moose Jaw Warriors,Kamloops Blazers,Kamloops Blazers,Kamloops Blazers
1022218,"Wed, Oct 15, 2025",Kelowna Rockets,Victoria Royals,Victoria Royals,Victoria Royals
1022221,"Thu, Oct 16, 2025",Brandon Wheat Kings,Kamloops Blazers,Brandon Wheat Kings,Brandon Wheat Kings
1022222,"Fri, Oct 17, 2025",Lethbridge Hurricanes,Calgary Hitmen,Calgary Hitmen,Lethbridge Hurricanes
1022224,"Fri, Oct 17, 2025",Prince Albert Raiders,Regina Pats,Prince Albert Raiders,Prince Albert Raiders
1022225,"Fri, Oct 17, 2025",Red Deer Rebels,Portland Winterhawks,Portland Winterhawks,Portland Winterhawks
1022226,"Fri, Oct 17, 2025",Saskatoon Blades,Moose Jaw Warriors,Saskatoon Blades,Moose Jaw Warriors
1022228,"Fri, Oct 17, 2025",Vancouver Giants,Wenatchee Wild,Vancouver Giants,Vancouver Giants
1022223,"Fri, Oct 17, 2025",Penticton Vees,Everett Silvertips,Everett Silvertips,Everett Silvertips
1022227,"Fri, Oct 17, 2025",Seattle Thunderbirds,Prince George Cougars,Prince George Cougars,Prince George Cougars
1022230,"Sat, Oct 18, 2025",Moose Jaw Warriors,Saskatoon Blades,Saskatoon Blades,Saskatoon Blades
1022233,"Sat, Oct 18, 2025",Red Deer Rebels,Spokane Chiefs,Spokane Chiefs,Spokane Chiefs
1022234,"Sat, Oct 18, 2025",Regina Pats,Brandon Wheat Kings,Brandon Wheat Kings,Regina Pats
1022232,"Sat, Oct 18, 2025",Prince Albert Raiders,Edmonton Oil Kings,Prince Albert Raiders,Edmonton Oil Kings
1022236,"Sat, Oct 18, 2025",Swift Current Broncos,Kamloops Blazers,Swift Current Broncos,Swift Current Broncos
1022229,"Sat, Oct 18, 2025",Kelowna Rockets,Everett Silvertips,Everett Silvertips,Everett Silvertips
1022231,"Sat, Oct 18, 2025",Penticton Vees,Vancouver Giants,Penticton Vees,Penticton Vees
1022235,"Sat, Oct 18, 2025",Seattle Thunderbirds,Wenatchee Wild,Seattle Thunderbirds,Seattle Thunderbirds
1022237,"Sat, Oct 18, 2025",Tri-City Americans,Prince George Cougars,Prince George Cougars,Prince George Cougars
1022238,"Sat, Oct 18, 2025",Victoria Royals,Medicine Hat Tigers,Medicine Hat Tigers,Victoria Royals
1022239,"Sun, Oct 19, 2025",Calgary Hitmen,Spokane Chiefs,Calgary Hitmen,Calgary Hitmen
1022240,"Sun, Oct 19, 2025",Saskatoon Blades,Edmonton Oil Kings,Saskatoon Blades,Saskatoon Blades
1022242,"Sun, Oct 19, 2025",Vancouver Giants,Medicine Hat Tigers,Medicine Hat Tigers,Vancouver Giants
1022241,"Sun, Oct 19, 2025",Tri-City Americans,Kelowna Rockets,Kelowna Rockets,Tri-City Americans
1022243,"Tue, Oct 21, 2025",Edmonton Oil Kings,Spokane Chiefs,Edmonton Oil Kings,Spokane Chiefs
1022244,"Tue, Oct 21, 2025",Moose Jaw Warriors,Red Deer Rebels,Moose Jaw Warriors,Moose Jaw Warriors
1022246,"Wed, Oct 22, 2025",Regina Pats,Lethbridge Hurricanes,Regina Pats,Regina Pats
1022247,"Wed, Oct 22, 2025",Swift Current Broncos,Red Deer Rebels,Swift Current Broncos,Red Deer Rebels
1022245,"Wed, Oct 22, 2025",Prince George Cougars,Medicine Hat Tigers,Prince George Cougars,Medicine Hat Tigers
1022248,"Wed, Oct 22, 2025",Victoria Royals,Kelowna Rockets,Victoria Royals,Kelowna Rockets
1022251,"Fri, Oct 24, 2025",Moose Jaw Warriors,Lethbridge Hurricanes,Moose Jaw Warriors,Moose Jaw Warriors
1022253,"Fri, Oct 24, 2025",Prince Albert Raiders,Swift Current Broncos,Prince Albert Raiders,Prince Albert Raiders
1022255,"Fri, Oct 24, 2025",Red Deer Rebels,Regina Pats,Regina Pats,Red Deer Rebels
1022250,"Fri, Oct 24, 2025",Kamloops Blazers,Medicine Hat Tigers,Medicine Hat Tigers,Kamloops Blazers
1022254,"Fri, Oct 24, 2025",Prince George Cougars,Seattle Thunderbirds,Prince George Cougars,Prince George Cougars
1022256,"Fri, Oct 24, 2025",Vancouver Giants,Portland Winterhawks,Portland Winterhawks,Portland Winterhawks
1022249,"Fri, Oct 24, 2025",Everett Silvertips,Saskatoon Blades,Everett Silvertips,Everett Silvertips
1022252,"Fri, Oct 24, 2025",Penticton Vees,Wenatchee Wild,Penticton Vees,Wenatchee Wild
1022257,"Fri, Oct 24, 2025",Tri-City Americans,Victoria Royals,Victoria Royals,Tri-City Americans
1022258,"Sat, Oct 25, 2025",Brandon Wheat Kings,Lethbridge Hurricanes,Brandon Wheat Kings,Brandon Wheat Kings
1022265,"Sat, Oct 25, 2025",Red Deer Rebels,Calgary Hitmen,Calgary Hitmen,Calgary Hitmen
1022259,"Sat, Oct 25, 2025",Edmonton Oil Kings,Regina Pats,Edmonton Oil Kings,Regina Pats
1022261,"Sat, Oct 25, 2025",Kamloops Blazers,Vancouver Giants,Kamloops Blazers,Vancouver Giants
1022263,"Sat, Oct 25, 2025",Portland Winterhawks,Saskatoon Blades,Saskatoon Blades,Portland Winterhawks
1022264,"Sat, Oct 25, 2025",Prince George Cougars,Seattle Thunderbirds,Prince George Cougars,Seattle Thunderbirds
1022266,"Sat, Oct 25, 2025",Swift Current Broncos,Prince Albert Raiders,Prince Albert Raiders,Prince Albert Raiders
1022267,"Sat, Oct 25, 2025",Wenatchee Wild,Tri-City Americans,Tri-City Americans,Tri-City Americans
1022260,"Sat, Oct 25, 2025",Everett Silvertips,Penticton Vees,Everett Silvertips,Penticton Vees
1022262,"Sat, Oct 25, 2025",Kelowna Rockets,Medicine Hat Tigers,Medicine Hat Tigers,Medicine Hat Tigers
1022268,"Sun, Oct 26, 2025",Brandon Wheat Kings,Moose Jaw Warriors,Brandon Wheat Kings,Brandon Wheat Kings
1022269,"Sun, Oct 26, 2025",Edmonton Oil Kings,Calgary Hitmen,Calgary Hitmen,Calgary Hitmen
1022270,"Sun, Oct 26, 2025",Portland Winterhawks,Victoria Royals,Portland Winterhawks,Victoria Royals
1022272,"Sun, Oct 26, 2025",Vancouver Giants,Kamloops Blazers,Kamloops Blazers,Vancouver Giants
1022271,"Sun, Oct 26, 2025",Spokane Chiefs,Everett Silvertips,Everett Silvertips,Everett Silvertips
1022273,"Mon, Oct 27, 2025",Penticton Vees,Medicine Hat Tigers,Medicine Hat Tigers,Medicine Hat Tigers
1022274,"Tue, Oct 28, 2025",Tri-City Americans,Saskatoon Blades,Saskatoon Blades,Saskatoon Blades
1022275,"Wed, Oct 29, 2025",Calgary Hitmen,Red Deer Rebels,Calgary Hitmen,Calgary Hitmen
1022277,"Wed, Oct 29, 2025",Lethbridge Hurricanes,Edmonton Oil Kings,Edmonton Oil Kings,Edmonton Oil Kings
1022278,"Wed, Oct 29, 2025",Regina Pats,Brandon Wheat Kings,Brandon Wheat Kings,Brandon Wheat Kings
1022276,"Wed, Oct 29, 2025",Kamloops Blazers,Everett Silvertips,Everett Silvertips,Everett Silvertips
1022279,"Wed, Oct 29, 2025",Spokane Chiefs,Saskatoon Blades,Saskatoon Blades,Spokane Chiefs
1022280,"Fri, Oct 31, 2025",Moose Jaw Warriors,Regina Pats,Moose Jaw Warriors,Regina Pats
1022282,"Fri, Oct 31, 2025",Prince Albert Raiders,Calgary Hitmen,Prince Albert Raiders,Calgary Hitmen
1022281,"Fri, Oct 31, 2025",Portland Winterhawks,Prince George Cougars,Prince George Cougars,Portland Winterhawks
1022283,"Fri, Oct 31, 2025",Seattle Thunderbirds,Saskatoon Blades,Saskatoon Blades,Seattle Thunderbirds
1022285,"Sat, Nov 1, 2025",Edmonton Oil Kings,Medicine Hat Tigers,Medicine Hat Tigers,Edmonton Oil Kings
1022289,"Sat, Nov 1, 2025",Red Deer Rebels,Swift Current Broncos,Red Deer Rebels,Red Deer Rebels
1022284,"Sat, Nov 1, 2025",Brandon Wheat Kings,Regina Pats,Brandon Wheat Kings,Brandon Wheat Kings
1022286,"Sat, Nov 1, 2025",Lethbridge Hurricanes,Tri-City Americans,Tri-City Americans,Lethbridge Hurricanes
1022287,"Sat, Nov 1, 2025",Portland Winterhawks,Kamloops Blazers,Portland Winterhawks,Portland Winterhawks
1022288,"Sat, Nov 1, 2025",Prince Albert Raiders,Moose Jaw Warriors,Prince Albert Raiders,Prince Albert Raiders
1022294,"Sat, Nov 1, 2025",Wenatchee Wild,Saskatoon Blades,Saskatoon Blades,Wenatchee Wild
1022290,"Sat, Nov 1, 2025",Seattle Thunderbirds,Prince George Cougars,Prince George Cougars,Prince George Cougars
1022291,"Sat, Nov 1, 2025",Spokane Chiefs,Everett Silvertips,Everett Silvertips,Everett Silvertips
1022293,"Sat, Nov 1, 2025",Victoria Royals,Penticton Vees,Penticton Vees,Penticton Vees
1022292,"Sat, Nov 1, 2025",Vancouver Giants,Kelowna Rockets,Kelowna Rockets,Kelowna Rockets
1022296,"Sun, Nov 2, 2025",Edmonton Oil Kings,Swift Current Broncos,Edmonton Oil Kings,Edmonton Oil Kings
1022295,"Sun, Nov 2, 2025",Brandon Wheat Kings,Calgary Hitmen,Brandon Wheat Kings,Calgary Hitmen
1022299,"Sun, Nov 2, 2025",Victoria Royals,Penticton Vees,Penticton Vees,Victoria Royals
1022297,"Sun, Nov 2, 2025",Medicine Hat Tigers,Tri-City Americans,Medicine Hat Tigers,Tri-City Americans
1022298,"Sun, Nov 2, 2025",Vancouver Giants,Prince George Cougars,Prince George Cougars,Vancouver Giants
1022300,"Sun, Nov 2, 2025",Wenatchee Wild,Kamloops Blazers,Kamloops Blazers,Kamloops Blazers
1022301,"Tue, Nov 4, 2025",Regina Pats,Calgary Hitmen,Calgary Hitmen,Regina Pats
1022302,"Tue, Nov 4, 2025",Spokane Chiefs,Kamloops Blazers,Kamloops Blazers,Kamloops Blazers
1022303,"Wed, Nov 5, 2025",Brandon Wheat Kings,Swift Current Broncos,Brandon Wheat Kings,Brandon Wheat Kings
1022306,"Wed, Nov 5, 2025",Moose Jaw Warriors,Calgary Hitmen,Calgary Hitmen,Moose Jaw Warriors
1022304,"Wed, Nov 5, 2025",Edmonton Oil Kings,Red Deer Rebels,Edmonton Oil Kings,Edmonton Oil Kings
1022305,"Wed, Nov 5, 2025",Lethbridge Hurricanes,Prince Albert Raiders,Prince Albert Raiders,Prince Albert Raiders
1022307,"Wed, Nov 5, 2025",Penticton Vees,Kelowna Rockets,Penticton Vees,Kelowna Rockets
1022308,"Wed, Nov 5, 2025",Portland Winterhawks,Prince George Cougars,Portland Winterhawks,Prince George Cougars
1022313,"Fri, Nov 7, 2025",Regina Pats,Red Deer Rebels,Regina Pats,Red Deer Rebels
1022314,"Fri, Nov 7, 2025",Saskatoon Blades,Moose Jaw Warriors,Moose Jaw Warriors,Moose Jaw Warriors
1022316,"Fri, Nov 7, 2025",Swift Current Broncos,Calgary Hitmen,Calgary Hitmen,Calgary Hitmen
1022310,"Fri, Nov 7, 2025",Lethbridge Hurricanes,Brandon Wheat Kings,Brandon Wheat Kings,Lethbridge Hurricanes
1022311,"Fri, Nov 7, 2025",Medicine Hat Tigers,Edmonton Oil Kings,Edmonton Oil Kings,Edmonton Oil Kings
1022319,"Fri, Nov 7, 2025",Wenatchee Wild,Portland Winterhawks,Portland Winterhawks,Wenatchee Wild
1022309,"Fri, Nov 7, 2025",Everett Silvertips,Prince George Cougars,Everett Silvertips,Prince George Cougars
1022312,"Fri, Nov 7, 2025",Penticton Vees,Seattle Thunderbirds,Penticton Vees,Penticton Vees
1022315,"Fri, Nov 7, 2025",Spokane Chiefs,Prince Albert Raiders,Prince Albert Raiders,Prince Albert Raiders
1022317,"Fri, Nov 7, 2025",Tri-City Americans,Vancouver Giants,Vancouver Giants,Tri-City Americans
1022318,"Fri, Nov 7, 2025",Victoria Royals,Kelowna Rockets,Kelowna Rockets,Victoria Royals
1022322,"Sat, Nov 8, 2025",Moose Jaw Warriors,Regina Pats,Moose Jaw Warriors,Regina Pats
1022328,"Sat, Nov 8, 2025",Victoria Royals,Kelowna Rockets,Kelowna Rockets,Kelowna Rockets
1022324,"Sat, Nov 8, 2025",Saskatoon Blades,Calgary Hitmen,Calgary Hitmen,Calgary Hitmen
1022326,"Sat, Nov 8, 2025",Swift Current Broncos,Lethbridge Hurricanes,Lethbridge Hurricanes,Swift Current Broncos
1022320,"Sat, Nov 8, 2025",Kamloops Blazers,Everett Silvertips,Everett Silvertips,Everett Silvertips
1022321,"Sat, Nov 8, 2025",Medicine Hat Tigers,Brandon Wheat Kings,Brandon Wheat Kings,Brandon Wheat Kings
1022323,"Sat, Nov 8, 2025",Portland Winterhawks,Spokane Chiefs,Portland Winterhawks,Spokane Chiefs
1022329,"Sat, Nov 8, 2025",Wenatchee Wild,Prince George Cougars,Prince George Cougars,Wenatchee Wild
1022325,"Sat, Nov 8, 2025",Seattle Thunderbirds,Vancouver Giants,Vancouver Giants,Seattle Thunderbirds
1022327,"Sat, Nov 8, 2025",Tri-City Americans,Prince Albert Raiders,Prince Albert Raiders,Tri-City Americans
1022331,"Sun, Nov 9, 2025",Regina Pats,Swift Current Broncos,Regina Pats,Regina Pats
1022330,"Sun, Nov 9, 2025",Moose Jaw Warriors,Red Deer Rebels,Moose Jaw Warriors,Moose Jaw Warriors
1022332,"Mon, Nov 10, 2025",Vancouver Giants,Everett Silvertips,Everett Silvertips,Everett Silvertips
1022338,"Tue, Nov 11, 2025",Swift Current Broncos,Saskatoon Blades,Saskatoon Blades,Saskatoon Blades
1022333,"Tue, Nov 11, 2025",Brandon Wheat Kings,Red Deer Rebels,Brandon Wheat Kings,Red Deer Rebels
1022335,"Tue, Nov 11, 2025",Kamloops Blazers,Edmonton Oil Kings,Edmonton Oil Kings,Edmonton Oil Kings
1022336,"Tue, Nov 11, 2025",Prince George Cougars,Victoria Royals,Prince George Cougars,Prince George Cougars
1022334,"Tue, Nov 11, 2025",Everett Silvertips,Prince Albert Raiders,Everett Silvertips,Prince Albert Raiders
1022337,"Tue, Nov 11, 2025",Seattle Thunderbirds,Wenatchee Wild,Seattle Thunderbirds,Seattle Thunderbirds
1022339,"Wed, Nov 12, 2025",Penticton Vees,Lethbridge Hurricanes,Penticton Vees,Lethbridge Hurricanes
1022340,"Wed, Nov 12, 2025",Portland Winterhawks,Prince Albert Raiders,Portland Winterhawks,Prince Albert Raiders
1022341,"Wed, Nov 12, 2025",Prince George Cougars,Victoria Royals,Prince George Cougars,Prince George Cougars
1022347,"Fri, Nov 14, 2025",Regina Pats,Medicine Hat Tigers,Regina Pats,Medicine Hat Tigers
1022349,"Fri, Nov 14, 2025",Swift Current Broncos,Moose Jaw Warriors,Moose Jaw Warriors,Swift Current Broncos
1022342,"Fri, Nov 14, 2025",Calgary Hitmen,Saskatoon Blades,Saskatoon Blades,Saskatoon Blades
1022345,"Fri, Nov 14, 2025",Portland Winterhawks,Wenatchee Wild,Portland Winterhawks,Portland Winterhawks
1022346,"Fri, Nov 14, 2025",Prince George Cougars,Kamloops Blazers,Kamloops Blazers,Prince George Cougars
1022343,"Fri, Nov 14, 2025",Kelowna Rockets,Lethbridge Hurricanes,Kelowna Rockets,Lethbridge Hurricanes
1022344,"Fri, Nov 14, 2025",Penticton Vees,Spokane Chiefs,Penticton Vees,Spokane Chiefs
1022348,"Fri, Nov 14, 2025",Seattle Thunderbirds,Prince Albert Raiders,Seattle Thunderbirds,Prince Albert Raiders
1022350,"Fri, Nov 14, 2025",Tri-City Americans,Everett Silvertips,Everett Silvertips,Everett Silvertips
1022351,"Fri, Nov 14, 2025",Victoria Royals,Edmonton Oil Kings,Edmonton Oil Kings,Edmonton Oil Kings
1022352,"Sat, Nov 15, 2025",Brandon Wheat Kings,Medicine Hat Tigers,Brandon Wheat Kings,Brandon Wheat Kings
1022357,"Sat, Nov 15, 2025",Regina Pats,Moose Jaw Warriors,Moose Jaw Warriors,Regina Pats
1022356,"Sat, Nov 15, 2025",Red Deer Rebels,Saskatoon Blades,Red Deer Rebels,Saskatoon Blades
1022354,"Sat, Nov 15, 2025",Kamloops Blazers,Lethbridge Hurricanes,Kamloops Blazers,Kamloops Blazers
1022360,"Sat, Nov 15, 2025",Wenatchee Wild,Prince Albert Raiders,Prince Albert Raiders,Wenatchee Wild
1022353,"Sat, Nov 15, 2025",Everett Silvertips,Portland Winterhawks,Portland Winterhawks,Portland Winterhawks
1022355,"Sat, Nov 15, 2025",Kelowna Rockets,Spokane Chiefs,Kelowna Rockets,Kelowna Rockets
1022358,"Sat, Nov 15, 2025",Tri-City Americans,Penticton Vees,Penticton Vees,Penticton Vees
1022359,"Sat, Nov 15, 2025",Vancouver Giants,Edmonton Oil Kings,Edmonton Oil Kings,Edmonton Oil Kings
1022362,"Sun, Nov 16, 2025",Portland Winterhawks,Wenatchee Wild,Portland Winterhawks,Portland Winterhawks
1022361,"Sun, Nov 16, 2025",Everett Silvertips,Kelowna Rockets,Everett Silvertips,Everett Silvertips
1022363,"Tue, Nov 18, 2025",Moose Jaw Warriors,Brandon Wheat Kings,Brandon Wheat Kings,Brandon Wheat Kings
1022364,"Tue, Nov 18, 2025",Penticton Vees,Edmonton Oil Kings,Edmonton Oil Kings,Edmonton Oil Kings
1022365,"Tue, Nov 18, 2025",Tri-City Americans,Kamloops Blazers,Kamloops Blazers,Kamloops Blazers
1022366,"Tue, Nov 18, 2025",Victoria Royals,Lethbridge Hurricanes,Lethbridge Hurricanes,Lethbridge Hurricanes
1022367,"Wed, Nov 19, 2025",Calgary Hitmen,Medicine Hat Tigers,Medicine Hat Tigers,Medicine Hat Tigers
1022370,"Wed, Nov 19, 2025",Vancouver Giants,Lethbridge Hurricanes,Lethbridge Hurricanes,Vancouver Giants
1022368,"Wed, Nov 19, 2025",Kelowna Rockets,Edmonton Oil Kings,Edmonton Oil Kings,Kelowna Rockets
1022369,"Wed, Nov 19, 2025",Spokane Chiefs,Regina Pats,Regina Pats,Spokane Chiefs
1022374,"Fri, Nov 21, 2025",Prince Albert Raiders,Brandon Wheat Kings,Brandon Wheat Kings,Prince Albert Raiders
1022377,"Fri, Nov 21, 2025",Saskatoon Blades,Swift Current Broncos,Saskatoon Blades,Saskatoon Blades
1022376,"Fri, Nov 21, 2025",Red Deer Rebels,Medicine Hat Tigers,Medicine Hat Tigers,Red Deer Rebels
1022371,"Fri, Nov 21, 2025",Kamloops Blazers,Portland Winterhawks,Portland Winterhawks,Portland Winterhawks
1022375,"Fri, Nov 21, 2025",Prince George Cougars,Lethbridge Hurricanes,Lethbridge Hurricanes,Prince George Cougars
1022372,"Fri, Nov 21, 2025",Kelowna Rockets,Everett Silvertips,Everett Silvertips,Everett Silvertips
1022373,"Fri, Nov 21, 2025",Penticton Vees,Vancouver Giants,Penticton Vees,Penticton Vees
1022378,"Fri, Nov 21, 2025",Seattle Thunderbirds,Victoria Royals,Seattle Thunderbirds,Seattle Thunderbirds
1022379,"Fri, Nov 21, 2025",Tri-City Americans,Regina Pats,Regina Pats,Tri-City Americans
1022383,"Sat, Nov 22, 2025",Moose Jaw Warriors,Swift Current Broncos,Moose Jaw Warriors,Moose Jaw Warriors
1022385,"Sat, Nov 22, 2025",Saskatoon Blades,Brandon Wheat Kings,Brandon Wheat Kings,Brandon Wheat Kings
1022380,"Sat, Nov 22, 2025",Kamloops Blazers,Wenatchee Wild,Kamloops Blazers,Kamloops Blazers
1022382,"Sat, Nov 22, 2025",Medicine Hat Tigers,Calgary Hitmen,Medicine Hat Tigers,Medicine Hat Tigers
1022384,"Sat, Nov 22, 2025",Prince George Cougars,Edmonton Oil Kings,Edmonton Oil Kings,Prince George Cougars
1022381,"Sat, Nov 22, 2025",Kelowna Rockets,Portland Winterhawks,Portland Winterhawks,Kelowna Rockets
1022386,"Sat, Nov 22, 2025",Seattle Thunderbirds,Regina Pats,Seattle Thunderbirds,Seattle Thunderbirds
1022387,"Sat, Nov 22, 2025",Spokane Chiefs,Victoria Royals,Victoria Royals,Spokane Chiefs
1022388,"Sat, Nov 22, 2025",Vancouver Giants,Tri-City Americans,Tri-City Americans,Tri-City Americans
1022389,"Sun, Nov 23, 2025",Calgary Hitmen,Medicine Hat Tigers,Medicine Hat Tigers,Medicine Hat Tigers
1022393,"Wed, Nov 26, 2025",Wenatchee Wild,Vancouver Giants,Vancouver Giants,Wenatchee Wild
1022390,"Wed, Nov 26, 2025",Everett Silvertips,Regina Pats,Everett Silvertips,Everett Silvertips
1022391,"Wed, Nov 26, 2025",Seattle Thunderbirds,Swift Current Broncos,Seattle Thunderbirds,Seattle Thunderbirds
1022392,"Wed, Nov 26, 2025",Spokane Chiefs,Kelowna Rockets,Kelowna Rockets,Kelowna Rockets
1022405,"Thu, Nov 27, 2025",Calgary Hitmen,Moose Jaw Warriors,Calgary Hitmen,Moose Jaw Warriors
1022398,"Fri, Nov 28, 2025",Portland Winterhawks,Regina Pats,Portland Winterhawks,Portland Winterhawks
1022394,"Fri, Nov 28, 2025",Brandon Wheat Kings,Prince Albert Raiders,Brandon Wheat Kings,Prince Albert Raiders
1022401,"Fri, Nov 28, 2025",Saskatoon Blades,Medicine Hat Tigers,Medicine Hat Tigers,Medicine Hat Tigers
1022397,"Fri, Nov 28, 2025",Lethbridge Hurricanes,Moose Jaw Warriors,Moose Jaw Warriors,Lethbridge Hurricanes
1022400,"Fri, Nov 28, 2025",Red Deer Rebels,Edmonton Oil Kings,Edmonton Oil Kings,Edmonton Oil Kings
1022396,"Fri, Nov 28, 2025",Kamloops Blazers,Spokane Chiefs,Kamloops Blazers,Kamloops Blazers
1022404,"Fri, Nov 28, 2025",Wenatchee Wild,Prince George Cougars,Prince George Cougars,Prince George Cougars
1022395,"Fri, Nov 28, 2025",Everett Silvertips,Swift Current Broncos,Everett Silvertips,Everett Silvertips
1022399,"Fri, Nov 28, 2025",Penticton Vees,Vancouver Giants,Penticton Vees,Vancouver Giants
1022402,"Fri, Nov 28, 2025",Tri-City Americans,Kelowna Rockets,Kelowna Rockets,Tri-City Americans
1022403,"Fri, Nov 28, 2025",Victoria Royals,Seattle Thunderbirds,Seattle Thunderbirds,Victoria Royals
1022408,"Sat, Nov 29, 2025",Prince Albert Raiders,Medicine Hat Tigers,Medicine Hat Tigers,Medicine Hat Tigers
1022406,"Sat, Nov 29, 2025",Kamloops Blazers,Penticton Vees,Kamloops Blazers,Kamloops Blazers
1022407,"Sat, Nov 29, 2025",Portland Winterhawks,Swift Current Broncos,Portland Winterhawks,Portland Winterhawks
1022412,"Sat, Nov 29, 2025",Wenatchee Wild,Regina Pats,Regina Pats,Wenatchee Wild
1022409,"Sat, Nov 29, 2025",Spokane Chiefs,Kelowna Rockets,Kelowna Rockets,Kelowna Rockets
1022410,"Sat, Nov 29, 2025",Tri-City Americans,Prince George Cougars,Prince George Cougars,Tri-City Americans
1022411,"Sat, Nov 29, 2025",Vancouver Giants,Everett Silvertips,Everett Silvertips,Vancouver Giants
1022413,"Sun, Nov 30, 2025",Calgary Hitmen,Red Deer Rebels,Calgary Hitmen,Red Deer Rebels
1022415,"Sun, Nov 30, 2025",Victoria Royals,Seattle Thunderbirds,Seattle Thunderbirds,Victoria Royals
1022414,"Sun, Nov 30, 2025",Edmonton Oil Kings,Saskatoon Blades,Edmonton Oil Kings,Edmonton Oil Kings
1022416,"Tue, Dec 2, 2025",Wenatchee Wild,Swift Current Broncos,Wenatchee Wild,Wenatchee Wild
1022417,"Wed, Dec 3, 2025",Brandon Wheat Kings,Saskatoon Blades,Saskatoon Blades,Brandon Wheat Kings
1022420,"Wed, Dec 3, 2025",Lethbridge Hurricanes,Red Deer Rebels,Red Deer Rebels,Red Deer Rebels
1022421,"Wed, Dec 3, 2025",Medicine Hat Tigers,Prince Albert Raiders,Medicine Hat Tigers,Medicine Hat Tigers
1022418,"Wed, Dec 3, 2025",Everett Silvertips,Spokane Chiefs,Everett Silvertips,Everett Silvertips
1022419,"Wed, Dec 3, 2025",Kelowna Rockets,Prince George Cougars,Prince George Cougars,Prince George Cougars
1022422,"Wed, Dec 3, 2025",Tri-City Americans,Swift Current Broncos,Tri-City Americans,Tri-City Americans
1022427,"Fri, Dec 5, 2025",Moose Jaw Warriors,Medicine Hat Tigers,Medicine Hat Tigers,Medicine Hat Tigers
1022428,"Fri, Dec 5, 2025",Regina Pats,Brandon Wheat Kings,Brandon Wheat Kings,Brandon Wheat Kings
1022423,"Fri, Dec 5, 2025",Calgary Hitmen,Prince Albert Raiders,Calgary Hitmen,Calgary Hitmen
1022424,"Fri, Dec 5, 2025",Edmonton Oil Kings,Red Deer Rebels,Edmonton Oil Kings,Edmonton Oil Kings
1022426,"Fri, Dec 5, 2025",Lethbridge Hurricanes,Wenatchee Wild,Wenatchee Wild,Lethbridge Hurricanes
1022425,"Fri, Dec 5, 2025",Kamloops Blazers,Penticton Vees,Kamloops Blazers,Penticton Vees
1022432,"Fri, Dec 5, 2025",Vancouver Giants,Portland Winterhawks,Portland Winterhawks,Vancouver Giants
1022429,"Fri, Dec 5, 2025",Seattle Thunderbirds,Kelowna Rockets,Seattle Thunderbirds,Kelowna Rockets
1022430,"Fri, Dec 5, 2025",Spokane Chiefs,Swift Current Broncos,Spokane Chiefs,Spokane Chiefs
1022431,"Fri, Dec 5, 2025",Tri-City Americans,Everett Silvertips,Everett Silvertips,Everett Silvertips
1022433,"Fri, Dec 5, 2025",Victoria Royals,Prince George Cougars,Prince George Cougars,Prince George Cougars
1022434,"Sat, Dec 6, 2025",Brandon Wheat Kings,Moose Jaw Warriors,Brandon Wheat Kings,Brandon Wheat Kings
1022436,"Sat, Dec 6, 2025",Lethbridge Hurricanes,Calgary Hitmen,Calgary Hitmen,Calgary Hitmen
1022440,"Sat, Dec 6, 2025",Red Deer Rebels,Prince Albert Raiders,Red Deer Rebels,Prince Albert Raiders
1022437,"Sat, Dec 6, 2025",Medicine Hat Tigers,Wenatchee Wild,Medicine Hat Tigers,Medicine Hat Tigers
1022439,"Sat, Dec 6, 2025",Portland Winterhawks,Seattle Thunderbirds,Portland Winterhawks,Portland Winterhawks
1022435,"Sat, Dec 6, 2025",Everett Silvertips,Vancouver Giants,Everett Silvertips,Everett Silvertips
1022438,"Sat, Dec 6, 2025",Penticton Vees,Kamloops Blazers,Penticton Vees,Kamloops Blazers
1022441,"Sat, Dec 6, 2025",Spokane Chiefs,Tri-City Americans,Tri-City Americans,Spokane Chiefs
1022445,"Sun, Dec 7, 2025",Saskatoon Blades,Regina Pats,Saskatoon Blades,Regina Pats
1022447,"Sun, Dec 7, 2025",Victoria Royals,Prince George Cougars,Prince George Cougars,Prince George Cougars
1022442,"Sun, Dec 7, 2025",Calgary Hitmen,Wenatchee Wild,Wenatchee Wild,Wenatchee Wild
1022443,"Sun, Dec 7, 2025",Edmonton Oil Kings,Prince Albert Raiders,Edmonton Oil Kings,Prince Albert Raiders
1022444,"Sun, Dec 7, 2025",Portland Winterhawks,Vancouver Giants,Portland Winterhawks,Portland Winterhawks
1022446,"Sun, Dec 7, 2025",Seattle Thunderbirds,Spokane Chiefs,Seattle Thunderbirds,Spokane Chiefs
1022448,"Tue, Dec 9, 2025",Moose Jaw Warriors,Saskatoon Blades,Saskatoon Blades,Saskatoon Blades
1022449,"Tue, Dec 9, 2025",Penticton Vees,Tri-City Americans,Penticton Vees,Penticton Vees
1022450,"Wed, Dec 10, 2025",Brandon Wheat Kings,Lethbridge Hurricanes,Brandon Wheat Kings,Brandon Wheat Kings
1022451,"Wed, Dec 10, 2025",Swift Current Broncos,Kelowna Rockets,Kelowna Rockets,Kelowna Rockets
1022452,"Fri, Dec 12, 2025",Brandon Wheat Kings,Kelowna Rockets,Brandon Wheat Kings,Brandon Wheat Kings
1022456,"Fri, Dec 12, 2025",Saskatoon Blades,Lethbridge Hurricanes,Saskatoon Blades,Saskatoon Blades
1022459,"Fri, Dec 12, 2025",Swift Current Broncos,Prince Albert Raiders,Prince Albert Raiders,Prince Albert Raiders
1022453,"Fri, Dec 12, 2025",Medicine Hat Tigers,Moose Jaw Warriors,Medicine Hat Tigers,Medicine Hat Tigers
1022462,"Fri, Dec 12, 2025",Calgary Hitmen,Red Deer Rebels,Calgary Hitmen,Calgary Hitmen
1022454,"Fri, Dec 12, 2025",Prince George Cougars,Kamloops Blazers,Kamloops Blazers,Prince George Cougars
1022461,"Fri, Dec 12, 2025",Wenatchee Wild,Tri-City Americans,Wenatchee Wild,Wenatchee Wild
1022457,"Fri, Dec 12, 2025",Seattle Thunderbirds,Penticton Vees,Seattle Thunderbirds,Penticton Vees
1022458,"Fri, Dec 12, 2025",Spokane Chiefs,Portland Winterhawks,Portland Winterhawks,Spokane Chiefs
1022460,"Fri, Dec 12, 2025",Victoria Royals,Vancouver Giants,Vancouver Giants,Vancouver Giants
1022465,"Sat, Dec 13, 2025",Moose Jaw Warriors,Saskatoon Blades,Saskatoon Blades,Saskatoon Blades
1022469,"Sat, Dec 13, 2025",Regina Pats,Kelowna Rockets,Kelowna Rockets,Kelowna Rockets
1022455,"Sat, Dec 13, 2025",Red Deer Rebels,Calgary Hitmen,Calgary Hitmen,Calgary Hitmen
1022467,"Sat, Dec 13, 2025",Prince Albert Raiders,Lethbridge Hurricanes,Prince Albert Raiders,Prince Albert Raiders
1022464,"Sat, Dec 13, 2025",Medicine Hat Tigers,Swift Current Broncos,Medicine Hat Tigers,Medicine Hat Tigers
1022466,"Sat, Dec 13, 2025",Portland Winterhawks,Penticton Vees,Penticton Vees,Penticton Vees
1022468,"Sat, Dec 13, 2025",Prince George Cougars,Kamloops Blazers,Prince George Cougars,Prince George Cougars
1022463,"Sat, Dec 13, 2025",Everett Silvertips,Spokane Chiefs,Everett Silvertips,Everett Silvertips
1022470,"Sat, Dec 13, 2025",Tri-City Americans,Wenatchee Wild,Wenatchee Wild,Tri-City Americans
1022471,"Sat, Dec 13, 2025",Vancouver Giants,Victoria Royals,Vancouver Giants,Victoria Royals
1022474,"Sun, Dec 14, 2025",Saskatoon Blades,Prince Albert Raiders,Saskatoon Blades,Prince Albert Raiders
1022472,"Sun, Dec 14, 2025",Edmonton Oil Kings,Brandon Wheat Kings,Brandon Wheat Kings,Brandon Wheat Kings
1022473,"Sun, Dec 14, 2025",Portland Winterhawks,Penticton Vees,Penticton Vees,Portland Winterhawks
1022476,"Sun, Dec 14, 2025",Vancouver Giants,Spokane Chiefs,Spokane Chiefs,Vancouver Giants
1022477,"Sun, Dec 14, 2025",Wenatchee Wild,Everett Silvertips,Everett Silvertips,Everett Silvertips
1022475,"Sun, Dec 14, 2025",Tri-City Americans,Seattle Thunderbirds,Seattle Thunderbirds,Tri-City Americans
1022479,"Tue, Dec 16, 2025",Moose Jaw Warriors,Kelowna Rockets,Kelowna Rockets,Moose Jaw Warriors
1022478,"Tue, Dec 16, 2025",Lethbridge Hurricanes,Edmonton Oil Kings,Edmonton Oil Kings,Lethbridge Hurricanes
1022480,"Tue, Dec 16, 2025",Red Deer Rebels,Brandon Wheat Kings,Brandon Wheat Kings,Brandon Wheat Kings
1022481,"Tue, Dec 16, 2025",Seattle Thunderbirds,Wenatchee Wild,Seattle Thunderbirds,Seattle Thunderbirds
1022482,"Tue, Dec 16, 2025",Spokane Chiefs,Portland Winterhawks,Portland Winterhawks,Spokane Chiefs
1022488,"Wed, Dec 17, 2025",Regina Pats,Prince Albert Raiders,Prince Albert Raiders,Regina Pats
1022489,"Wed, Dec 17, 2025",Saskatoon Blades,Kelowna Rockets,Saskatoon Blades,Kelowna Rockets
1022483,"Wed, Dec 17, 2025",Calgary Hitmen,Swift Current Broncos,Calgary Hitmen,Calgary Hitmen
1022486,"Wed, Dec 17, 2025",Medicine Hat Tigers,Brandon Wheat Kings,Medicine Hat Tigers,Medicine Hat Tigers
1022487,"Wed, Dec 17, 2025",Penticton Vees,Prince George Cougars,Penticton Vees,Penticton Vees
1022485,"Wed, Dec 17, 2025",Kamloops Blazers,Tri-City Americans,Tri-City Americans,Tri-City Americans
1022484,"Wed, Dec 17, 2025",Everett Silvertips,Wenatchee Wild,Everett Silvertips,Everett Silvertips
1022490,"Thu, Dec 18, 2025",Victoria Royals,Vancouver Giants,Vancouver Giants,Vancouver Giants
1022491,"Fri, Dec 19, 2025",Calgary Hitmen,Brandon Wheat Kings,Calgary Hitmen,
1022493,"Fri, Dec 19, 2025",Prince Albert Raiders,Kelowna Rockets,Prince Albert Raiders,
1022495,"Fri, Dec 19, 2025",Vancouver Giants,Victoria Royals,Vancouver Giants,
1022492,"Fri, Dec 19, 2025",Everett Silvertips,Prince George Cougars,Everett Silvertips,
1022494,"Fri, Dec 19, 2025",Seattle Thunderbirds,Kamloops Blazers,Seattle Thunderbirds,
